open_time,open,high,low,close,volume,close_time,quote_asset_volume,number_of_trades,taker_buy_base,taker_buy_quote,ignore,amount,VWEMA12,VWEMA26,MACD,VW_Signal,VW_Hist
2025-09-22 16:00:00,2.642,2.654,2.572,2.618,2470067.45,2025-09-22 19:59:59.999,6457771.4536,28839,1196092.51,3126892.97207,0.0,6466636.584100001,2.618,2.618,0.0,0.0,0.0
2025-09-22 20:00:00,2.618,2.653,2.614,2.64,823461.36,2025-09-22 23:59:59.999,2167069.7489,11164,384738.61,1012849.73862,0.0,2173937.9904,2.6192572947966086,2.618571499918195,0.0006857948784135814,0.0001371589756827163,0.0005486359027308651
2025-09-23 00:00:00,2.64,2.652,2.583,2.645,704799.48,2025-09-23 03:59:59.999,1847984.2012,10907,296611.84,778903.36931,0.0,1864194.6246,2.6206641027574267,2.6191912360297254,0.0014728667277013052,0.00040430052608643414,0.001068566201614871
2025-09-23 04:00:00,2.645,2.705,2.618,2.683,1132319.23,2025-09-23 07:59:59.999,3022035.79316,16554,635336.95,1695056.66081,0.0,3038012.4940899997,2.6265241043752607,2.621685953284063,0.004838151091197673,0.001291070639108682,0.0035470804520889914
2025-09-23 08:00:00,2.684,2.731,2.68,2.731,1370479.36,2025-09-23 11:59:59.999,3706725.65405,18190,741791.92,2007205.82003,0.0,3742779.13216,2.6389074577551295,2.627000888782827,0.011906568972302356,0.003414170305747417,0.008492398666554938
2025-09-23 12:00:00,2.73,2.784,2.713,2.763,2365573.67,2025-09-23 15:59:59.999,6518121.61207,28470,1151223.35,3172083.66667,0.0,6536080.05021,2.663069555115457,2.638303147678631,0.024766407436825677,0.0076846177319630695,0.017081789704862606
2025-09-23 16:00:00,2.763,2.826,2.721,2.742,2724007.45,2025-09-23 19:59:59.999,7544967.18386,35454,1306574.71,3621155.31286,0.0,7469228.4279000005,2.6796033547134313,2.6480166464095407,0.03158670830389054,0.012465035846348565,0.019121672457541976
2025-09-23 20:00:00,2.741,2.808,2.738,2.771,812900.6,2025-09-23 23:59:59.999,2254987.70353,11174,421031.69,1168032.64597,0.0,2252547.5626,2.6858909378945617,2.65162070652908,0.034270231365481685,0.01682607495017519,0.017444156415306496
2025-09-24 00:00:00,2.772,2.853,2.764,2.765,1581205.92,2025-09-24 03:59:59.999,4445620.00941,23440,820589.13,2309709.29978,0.0,4372034.3688,2.6966932939068418,2.658195897531882,0.03849739637495997,0.021160339235132147,0.017337057139827822
2025-09-24 04:00:00,2.765,2.845,2.727,2.832,1396528.69,2025-09-24 07:59:59.999,3893992.21837,22803,666835.63,1860420.7988,0.0,3954969.2500799997,2.7135726664723574,2.667306284817648,0.04626638165470931,0.02618154771904758,0.02008483393566173
2025-09-24 08:00:00,2.833,2.864,2.769,2.802,2087492.77,2025-09-24 11:59:59.999,5870947.96049,27124,919018.62,2587105.31511,0.0,5849154.74154,2.7295408645233987,2.6778148931271795,0.05172597139621926,0.03129043245448192,0.020435538941737344
2025-09-24 12:00:00,2.802,2.833,2.774,2.78,1211547.67,2025-09-24 15:59:59.999,3395381.68585,16431,550404.57,1543780.97136,0.0,3368102.5225999993,2.7351019896935993,2.6825790862060783,0.05252290348752098,0.035536926661089735,0.016985976826431243
2025-09-24 16:00:00,2.781,2.822,2.772,2.801,781947.01,2025-09-24 19:59:59.999,2187525.03187,9112,446451.07,1249460.46336,0.0,2190233.5750100003,2.7402120697622943,2.6863064461379382,0.053905623624356025,0.039210666053742994,0.01469495757061303
2025-09-24 20:00:00,2.801,2.809,2.773,2.784,385549.45,2025-09-24 23:59:59.999,1075406.56013,5707,175205.84,488907.32751,0.0,1073369.6687999999,2.742105151888767,2.687916893303258,0.05418825858550891,0.04220618456009618,0.01198207402541273
2025-09-25 00:00:00,2.785,2.788,2.711,2.726,1178072.37,2025-09-25 03:59:59.999,3234696.84082,12910,518219.96,1422130.64573,0.0,3211425.2806200003,2.739930350372953,2.6898817157983212,0.05004863457463182,0.04377467456300331,0.006273960011628513
2025-09-25 04:00:00,2.725,2.727,2.674,2.686,1126665.25,2025-09-25 07:59:59.999,3039930.27827,13960,512779.69,1384336.39377,0.0,3026222.8615,2.7327891166908205,2.6896853283081392,0.04310378838268125,0.0436404973269389,-0.0005367089442576481
2025-09-25 08:00:00,2.687,2.7,2.654,2.66,778433.27,2025-09-25 11:59:59.999,2083735.44748,10747,330376.87,884804.96487,0.0,2070632.4982000003,2.7256868703714945,2.6886054157435795,0.03708145462791501,0.042328688787134125,-0.0052472341592191135
2025-09-25 12:00:00,2.66,2.746,2.63,2.695,1311586.89,2025-09-25 15:59:59.999,3529856.1394,19477,587000.32,1580233.84902,0.0,3534726.6685499996,2.7206946058763726,2.6890024431992976,0.031692162677074975,0.040201383565122296,-0.008509220888047321
2025-09-25 16:00:00,2.695,2.702,2.594,2.618,1623462.74,2025-09-25 19:59:59.999,4276337.59264,21391,764329.54,2014168.40155,0.0,4250225.453319999,2.700953347603278,2.6835608992348274,0.01739244836845044,0.03563959652578793,-0.018247148157337488
2025-09-25 20:00:00,2.619,2.624,2.573,2.591,807692.04,2025-09-25 23:59:59.999,2097821.37363,12547,361182.21,939238.01807,0.0,2092730.0756400002,2.689787693084318,2.6799000804120543,0.009887612672263568,0.03048919975508306,-0.020601587082819492
2025-09-26 00:00:00,2.592,2.629,2.584,2.618,700979.86,2025-09-26 03:59:59.999,1830381.08483,12395,336577.33,879808.06207,0.0,1835165.27348,2.683015871281387,2.6776874091686755,0.005328462112711652,0.02545705222660878,-0.02012859011389713
2025-09-26 04:00:00,2.619,2.627,2.595,2.621,630638.82,2025-09-26 07:59:59.999,1647191.07584,9733,287472.75,751349.23597,0.0,1652904.3472199999,2.6773629248070767,2.6757846514283554,0.0015782733787212955,0.020681296457031286,-0.01910302307830999
2025-09-26 08:00:00,2.622,2.628,2.575,2.591,503291.34,2025-09-26 11:59:59.999,1307815.29551,8783,229600.0,597210.71335,0.0,1304027.8619400002,2.6705258581826823,2.6734007378806477,-0.0028748796979654045,0.015970061226031947,-0.018844940923997352
2025-09-26 12:00:00,2.59,2.591,2.526,2.56,1383973.72,2025-09-26 15:59:59.999,3537273.32366,23147,631283.22,1613683.30244,0.0,3542972.7232,2.647908892805733,2.6646611508798297,-0.016752258074096638,0.009425597366006231,-0.02617785544010287
2025-09-26 16:00:00,2.56,2.625,2.554,2.588,669627.9,2025-09-26 19:59:59.999,1738108.18302,10536,374874.48,972947.57149,0.0,1732997.0052,2.6416332150797617,2.661693362993694,-0.02006014791393218,0.003528448310018549,-0.02358859622395073
2025-09-26 20:00:00,2.589,2.606,2.578,2.604,332394.08,2025-09-26 23:59:59.999,860775.50293,5291,205209.62,531486.4503,0.0,865554.1843200001,2.6394544495568413,2.6605203419607935,-0.02106589240395218,-0.0013904198327755965,-0.019675472571176585
2025-09-27 00:00:00,2.604,2.609,2.579,2.597,372944.37,2025-09-27 03:59:59.999,966725.23952,6197,189527.25,491482.26405,0.0,968536.52889,2.636427663948656,2.658992997099882,-0.022565333151225886,-0.005625402496465655,-0.01693993065476023
2025-09-27 04:00:00,2.596,2.611,2.591,2.603,418172.24,2025-09-27 07:59:59.999,1087309.06321,7531,226203.45,588174.42805,0.0,1088502.34072,2.63354217012679,2.657408732250232,-0.023866562123442403,-0.009273634421861006,-0.014592927701581397
2025-09-27 08:00:00,2.602,2.628,2.578,2.598,1009490.91,2025-09-27 11:59:59.999,2622959.31408,12750,528147.54,1372220.94007,0.0,2622657.38418,2.6265188299308795,2.653327370661681,-0.02680854073080141,-0.012780615683649087,-0.014027925047152324
2025-09-27 12:00:00,2.597,2.643,2.585,2.617,668348.45,2025-09-27 15:59:59.999,1749643.85914,13668,304311.21,796496.95105,0.0,1749067.89365,2.6252441609294555,2.651626438845299,-0.026382277915843577,-0.015500948130087986,-0.010881329785755591
2025-09-27 16:00:00,2.617,2.634,2.589,2.606,408378.53,2025-09-27 19:59:59.999,1066253.93407,7820,175286.09,458269.47023,0.0,1064234.44918,2.623547340858295,2.650258907343401,-0.026711566485105642,-0.01774307180109152,-0.008968494684014124
2025-09-27 20:00:00,2.607,2.62,2.593,2.598,159925.45,2025-09-27 23:59:59.999,416442.16089,3780,73940.63,192494.13718,0.0,415486.3191,2.622545687701661,2.6496047400955733,-0.027059052393912264,-0.019606267919655668,-0.007452784474256596
2025-09-28 00:00:00,2.598,2.605,2.56,2.579,483241.38,2025-09-28 03:59:59.999,1245761.51276,8376,223221.87,575638.20561,0.0,1246279.51902,2.617197530659681,2.646833691062458,-0.029636160402776834,-0.0216122464162799,-0.008023913986496933
2025-09-28 04:00:00,2.579,2.585,2.555,2.558,342121.63,2025-09-28 07:59:59.999,878938.99259,5723,166408.2,427700.87375,0.0,875147.12954,2.611681222963807,2.6442455541833163,-0.03256433121950941,-0.023802663376925805,-0.008761667842583608
2025-09-28 08:00:00,2.559,2.573,2.539,2.552,486065.53,2025-09-28 11:59:59.999,1240120.27073,9669,258879.3,660506.50815,0.0,1240439.2325600001,2.603606715034429,2.640298257989652,-0.03669154295522281,-0.026380439292585208,-0.010311103662637603
2025-09-28 12:00:00,2.553,2.593,2.532,2.567,543796.77,2025-09-28 15:59:59.999,1394245.23929,8827,289880.92,743285.79878,0.0,1395926.30859,2.598052015055889,2.6366947941621595,-0.03864277910627045,-0.028832907255322258,-0.009809871850948195
2025-09-28 16:00:00,2.568,2.59,2.568,2.578,306188.95,2025-09-28 19:59:59.999,789458.03892,5363,146186.77,376997.57886,0.0,789355.1131,2.596213001507748,2.6349910292912475,-0.0387780277834997,-0.03082193136095775,-0.007956096422541952
2025-09-28 20:00:00,2.579,2.646,2.576,2.64,624564.69,2025-09-28 23:59:59.999,1634034.27494,8503,411364.85,1076182.45906,0.0,1648850.7815999999,2.604141001544439,2.6352920872748404,-0.031151085730401373,-0.030887762234846478,-0.00026332349555489507
2025-09-29 00:00:00,2.641,2.675,2.633,2.675,844010.62,2025-09-29 03:59:59.999,2240147.08003,13084,485704.25,1290263.22387,0.0,2257728.4085,2.6200347923100993,2.6384943433648234,-0.018459551054724077,-0.028402119998822,0.009942568944097924
2025-09-29 04:00:00,2.675,2.684,2.63,2.633,864908.89,2025-09-29 07:59:59.999,2295445.14029,12412,407105.34,1081817.1378,0.0,2277305.10737,2.622804400657039,2.6380441365718683,-0.0152397359148293,-0.02576964318202346,0.01052990726719416
2025-09-29 08:00:00,2.632,2.64,2.593,2.597,669332.52,2025-09-29 11:59:59.999,1750499.57503,12612,265683.49,694797.06064,0.0,1738256.55444,2.618586930593431,2.6354134172711667,-0.016826486677735897,-0.02398101188116595,0.0071545252034300524
2025-09-29 12:00:00,2.597,2.618,2.54,2.58,1549132.79,2025-09-29 15:59:59.999,3996853.52844,23460,696837.26,1799416.00305,0.0,3996762.5982000004,2.606665936734047,2.6277614763863975,-0.02109553965235067,-0.023403917435402894,0.002308377783052224
2025-09-29 16:00:00,2.58,2.597,2.548,2.594,500328.51,2025-09-29 19:59:59.999,1284751.95354,8540,217787.14,559729.81717,0.0,1297852.15494,2.6053299077621217,2.6262100252637346,-0.020880117501612894,-0.022899157448644895,0.0020190399470320017
2025-09-29 20:00:00,2.593,2.616,2.588,2.592,350231.7,2025-09-29 23:59:59.999,911321.04609,7318,169276.72,440543.99598,0.0,907800.5664,2.6042600599023342,2.6250614421718,-0.02080138226946593,-0.022479602412809104,0.0016782201433431752
2025-09-30 00:00:00,2.592,2.592,2.548,2.55,668978.83,2025-09-30 03:59:59.999,1718317.38317,9790,221901.1,570481.50643,0.0,1705896.0164999997,2.595937290800483,2.620199354134448,-0.024262063333964967,-0.02283609459704028,-0.0014259687369246876
2025-09-30 04:00:00,2.55,2.567,2.517,2.524,635458.76,2025-09-30 07:59:59.999,1616598.31203,10565,269119.21,685461.62615,0.0,1603897.91024,2.5853698815726265,2.614205092149501,-0.028835210576874548,-0.024035917793007136,-0.004799292783867412
2025-09-30 08:00:00,2.524,2.537,2.503,2.517,604661.38,2025-09-30 11:59:59.999,1522077.99201,8029,290135.65,730833.75799,0.0,1521932.69346,2.5756769048030663,2.608355230473227,-0.032678325670160824,-0.025764399368437874,-0.0069139263017229495
2025-09-30 12:00:00,2.516,2.52,2.477,2.481,992984.1,2025-09-30 15:59:59.999,2479615.67761,11264,318438.39,795074.13882,0.0,2463593.5521,2.5552475296566066,2.5960728315326667,-0.04082530187606004,-0.028776579869962307,-0.012048722006097731
2025-09-30 16:00:00,2.481,2.518,2.475,2.514,414063.03,2025-09-30 19:59:59.999,1031536.58474,6648,225724.84,562420.66812,0.0,1040954.45742,2.5512829584093506,2.592656583392898,-0.04137362498354724,-0.031295988892679295,-0.010077636090867946
2025-09-30 20:00:00,2.514,2.526,2.49,2.507,241302.59,2025-09-30 23:59:59.999,605385.92632,6015,105097.71,263724.57255,0.0,604945.59313,2.548533524618071,2.590469834934815,-0.04193631031674405,-0.033424053177492245,-0.008512257139251807
2025-10-01 00:00:00,2.507,2.532,2.496,2.504,329381.95,2025-10-01 03:59:59.999,828241.01892,4731,176353.68,443763.98554,0.0,824772.4028,2.5444791276910927,2.587333522015242,-0.04285439432414906,-0.03531012140682361,-0.007544272917325449
2025-10-01 04:00:00,2.504,2.523,2.5,2.513,185319.75,2025-10-01 07:59:59.999,465986.5221,3579,92336.15,232241.98259,0.0,465708.53174999997,2.5426822887257474,2.5857305812264175,-0.043048292500670104,-0.03685775562559291,-0.006190536875077195
2025-10-01 08:00:00,2.512,2.612,2.507,2.576,1009455.9,2025-10-01 11:59:59.999,2597040.71471,13771,600346.05,1544202.06741,0.0,2600358.3984000003,2.551635220353652,2.5846351344672014,-0.03299991411354952,-0.036086187323184235,0.003086273209634713
2025-10-01 12:00:00,2.577,2.585,2.56,2.57,395419.27,2025-10-01 15:59:59.999,1017755.57868,6150,177095.24,455959.79699,0.0,1016227.5239,2.5536670025406494,2.5839698045426958,-0.03030280200204638,-0.034929510258956666,0.004626708256910285
2025-10-01 16:00:00,2.571,2.6,2.564,2.585,557616.2,2025-10-01 19:59:59.999,1439737.28308,7279,281254.67,726516.81128,0.0,1441437.8769999999,2.558544865740219,2.5840365139495667,-0.025491648209347684,-0.03304193784903487,0.007550289639687187
2025-10-01 20:00:00,2.584,2.596,2.558,2.586,515343.26,2025-10-01 23:59:59.999,1326819.53698,7586,247659.44,637896.6401,0.0,1332677.6703599999,2.562534784908148,2.5841557150963355,-0.021620930188187337,-0.030757736316865365,0.009136806128678027
2025-10-02 00:00:00,2.586,2.64,2.583,2.619,892834.27,2025-10-02 03:59:59.999,2332365.71756,10341,575289.54,1502310.86717,0.0,2338332.9531300003,2.5754833328740316,2.587710029001722,-0.012226696127690229,-0.02705152827903034,0.01482483215134011
2025-10-02 04:00:00,2.62,2.637,2.606,2.623,512844.55,2025-10-02 07:59:59.999,1345407.94034,6991,242832.14,637418.46415,0.0,1345191.25465,2.581883888526389,2.5898102584499227,-0.007926369923533905,-0.023226496607931052,0.015300126684397147
2025-10-02 08:00:00,2.622,2.674,2.622,2.662,807348.64,2025-10-02 11:59:59.999,2139516.969,12702,462044.16,1224422.33867,0.0,2149162.07968,2.5979383537118927,2.5964435626592444,0.001494791052648381,-0.018282239075815165,0.019777030128463546
2025-10-02 12:00:00,2.662,2.682,2.614,2.666,1031097.8,2025-10-02 15:59:59.999,2735168.94367,17033,542761.6,1441666.72869,0.0,2748906.7348,2.6137437008587043,2.604267586771961,0.009476114086743426,-0.012730568443303447,0.022206682530046873
2025-10-02 16:00:00,2.666,2.978,2.665,2.978,4205953.98,2025-10-02 19:59:59.999,11903207.86131,102652,2388023.2,6768444.21705,0.0,12525330.952440003,2.8061389562533683,2.7281025132987438,0.07803644295462453,0.005422833836282149,0.07261360911834239
2025-10-02 20:00:00,2.978,3.239,2.976,3.095,9222287.92,2025-10-02 23:59:59.999,28586191.45804,149300,4941758.57,15312321.14769,0.0,28542981.112400003,2.973051435315504,2.889415778315437,0.08363565700006692,0.021065398469039105,0.06257025853102782
2025-10-03 00:00:00,3.095,3.4,2.97,3.356,8535271.83,2025-10-03 03:59:59.999,27016699.55384,134037,4804565.67,15245583.07092,0.0,28644372.26148,3.1213526760311594,3.0318635481392295,0.08948912789192986,0.03475014435361726,0.05473898353831261
2025-10-03 04:00:00,3.357,3.583,3.243,3.272,12158599.83,2025-10-03 07:59:59.999,41221467.12686,229646,6161111.78,20927061.69509,0.0,39782938.643759996,3.1808069396039382,3.1086079242094393,0.07219901539449891,0.04223991856179359,0.02995909683270532
2025-10-03 08:00:00,3.273,3.455,3.209,3.32,6814542.16,2025-10-03 11:59:59.999,22639559.0708,122440,3202293.3,10645264.95897,0.0,22624279.9712,3.209652967859567,3.1428728951351905,0.06678007272437636,0.04714794939431015,0.019632123330066212
2025-10-03 12:00:00,3.32,3.698,3.316,3.633,13918426.46,2025-10-03 15:59:59.999,49104565.06493,208374,7203616.06,25404137.23884,0.0,50565643.32918,3.3508125273387703,3.2719624820286763,0.07885004531009399,0.053488368577466916,0.02536167673262707
2025-10-03 16:00:00,3.633,3.661,3.48,3.615,6800899.17,2025-10-03 19:59:59.999,24290107.7565,108016,3445690.24,12314781.54107,0.0,24585250.49955,3.3934681934292046,3.3138229702225024,0.0796452232067022,0.058719739503313974,0.020925483703388224
2025-10-03 20:00:00,3.613,3.745,3.565,3.629,4622009.01,2025-10-03 23:59:59.999,16824384.12586,72535,2513909.06,9154458.71521,0.0,16773270.69729,3.4205060954161337,3.3397320064331986,0.08077408898293514,0.06313060939923822,0.017643479583696928
2025-10-04 00:00:00,3.628,3.718,3.574,3.601,4829523.15,2025-10-04 03:59:59.999,17603620.98234,88676,2394668.52,8737059.70815,0.0,17391112.86315,3.4429157951214857,3.361911545860964,0.08100424926052163,0.06670533737149491,0.014298911889026725
2025-10-04 04:00:00,3.601,3.645,3.491,3.524,3794195.51,2025-10-04 07:59:59.999,13539370.83964,63437,1817836.71,6489824.53832,0.0,13370744.97724,3.4512967489684283,3.3728021304895774,0.07849461847885086,0.0690631935929661,0.009431424885884762
2025-10-04 08:00:00,3.524,3.526,3.387,3.4,2436657.02,2025-10-04 11:59:59.999,8405430.97069,32473,1169253.9,4034363.89622,0.0,8284633.868,3.4475653375667195,3.3740131501759927,0.07355218739072678,0.06996099235251824,0.003591195038208539
2025-10-04 12:00:00,3.402,3.458,3.329,3.37,2682017.42,2025-10-04 15:59:59.999,9097391.35562,44939,1271030.74,4315961.1905,0.0,9038398.7054,3.4408602587826262,3.3738114097626553,0.06704884901997099,0.0693785636860088,-0.002329714666037805
2025-10-04 16:00:00,3.371,3.526,3.357,3.454,2686725.78,2025-10-04 19:59:59.999,9264297.89285,47116,1472695.94,5078334.40313,0.0,9279950.84412,3.4420801456663113,3.3779476489280524,0.06413249673825883,0.06832935029645881,-0.004196853558199987
2025-10-04 20:00:00,3.454,3.472,3.414,3.422,731010.06,2025-10-04 23:59:59.999,2516226.59815,15202,369611.63,1272800.50455,0.0,2501516.4253200004,3.441498075714204,3.3786053865069103,0.06289268920729363,0.06724201807862577,-0.004349328871332145
2025-10-05 00:00:00,3.423,3.562,3.42,3.523,2066613.67,2025-10-05 03:59:59.999,7220551.69955,33953,1075886.75,3759630.12633,0.0,7280679.95941,3.448694486904929,3.384900940933141,0.06379354597178777,0.06655232365725818,-0.0027587776854704066
2025-10-05 04:00:00,3.524,3.626,3.46,3.488,2210550.19,2025-10-05 07:59:59.999,7833964.70844,34133,1143882.7,4058475.38531,0.0,7710399.06272,3.4526412148603427,3.3898447464423027,0.06279646841803999,0.06580115260941453,-0.0030046841913745487
2025-10-05 08:00:00,3.489,3.493,3.338,3.376,1909999.89,2025-10-05 11:59:59.999,6487985.92175,30263,967535.97,3286869.09219,0.0,6448159.62864,3.445513705578335,3.389251770205549,0.05626193537278601,0.06389330916208884,-0.007631373789302828
2025-10-05 12:00:00,3.377,3.379,3.258,3.269,1499033.99,2025-10-05 15:59:59.999,4965606.87153,27298,743859.4,2464724.03133,0.0,4900342.11331,3.4314968926486666,3.385039090007823,0.04645780264084376,0.06040620785783982,-0.013948405216996064
2025-10-05 16:00:00,3.269,3.31,3.176,3.183,1906064.84,2025-10-05 19:59:59.999,6182404.74538,29637,767393.07,2496200.89069,0.0,6067004.38572,3.4050051378106527,3.375765533086913,0.029239604723739543,0.05417288723101977,-0.024933282507280226
2025-10-05 20:00:00,3.182,3.246,3.17,3.233,1413506.94,2025-10-05 23:59:59.999,4521252.9292,19847,824947.02,2640564.90985,0.0,4569867.93702,3.3903074196823653,3.370703331720939,0.01960408796142632,0.047259127377101084,-0.027655039415674765
2025-10-06 00:00:00,3.232,3.478,3.185,3.47,5305073.9,2025-10-06 03:59:59.999,17764319.39136,74643,2957067.35,9916728.08815,0.0,18408606.433000002,3.412210368194487,3.3831813677024347,0.02902900049205215,0.0436131020000913,-0.014584101508039155
2025-10-06 04:00:00,3.471,3.8,3.402,3.571,12108572.83,2025-10-06 07:59:59.999,43727206.84256,205460,6422870.06,23194374.86325,0.0,43239713.57593,3.4798135546828353,3.4276016244299994,0.05221193025283588,0.04533286765064022,0.00687906260219566
2025-10-06 08:00:00,3.572,3.685,3.546,3.668,5755943.0,2025-10-06 11:59:59.999,20850549.75423,93850,3132918.44,11355027.29309,0.0,21112798.924000002,3.5161359308069997,3.4536303535635353,0.0625055772434644,0.048767409569205056,0.013738167674259338
2025-10-06 12:00:00,3.668,3.933,3.651,3.799,11600372.34,2025-10-06 15:59:59.999,44167093.62414,178590,6069614.19,23125980.71241,0.0,44069814.519659996,3.6052201305631137,3.5194996459112757,0.08572048465183801,0.05615802458573165,0.029562460066106362
2025-10-06 16:00:00,3.798,3.862,3.704,3.834,3877547.49,2025-10-06 19:59:59.999,14731466.51158,63101,1933219.33,7347295.51355,0.0,14866517.076660002,3.630533589103152,3.5397583617823343,0.09077522732081755,0.06308146513274883,0.027693762188068724
2025-10-06 20:00:00,3.834,3.836,3.72,3.774,2070713.93,2025-10-06 23:59:59.999,7791053.46271,32855,969395.65,3647024.61409,0.0,7814874.37182,3.639898042697068,3.5481490844186707,0.09174895827839746,0.06881496376187857,0.022933994516518896
2025-10-07 00:00:00,3.773,3.863,3.68,3.682,2795480.42,2025-10-07 03:59:59.999,10536845.16512,46907,1351602.26,5100521.30464,0.0,10292958.90644,3.6438690182391156,3.5547927423568453,0.0890762758822703,0.07286722618595691,0.016209049696313385
2025-10-07 04:00:00,3.683,4.069,3.667,3.923,8767207.16,2025-10-07 07:59:59.999,34371271.91572,180779,4555717.99,17857978.33149,0.0,34393753.68868,3.716172435612101,3.6077859339242697,0.10838650168783115,0.07997108128633176,0.028415420401499386
2025-10-07 08:00:00,3.922,4.204,3.861,4.185,10025476.51,2025-10-07 11:59:59.999,40737739.07844,208296,5400831.44,21953222.22094,0.0,41956619.19435,3.8377363195868472,3.6948985795365568,0.14283774005029048,0.09254441303912352,0.05029332701116697
2025-10-07 12:00:00,4.184,4.37,4.024,4.169,19395358.07,2025-10-07 15:59:59.999,81386265.10217,381041,9389827.0,39434349.86638,0.0,80859247.79382999,3.96102906424642,3.8085561664470426,0.15247289779937745,0.1045301099911743,0.047942787808203144
2025-10-07 16:00:00,4.169,4.276,4.035,4.243,6914482.83,2025-10-07 19:59:59.999,28747279.48566,168502,3504410.21,14590602.751,0.0,29338150.647690002,3.9992514892205313,3.8452677902239847,0.15398369899654663,0.11442082779224877,0.039562871204297856
2025-10-07 20:00:00,4.244,4.575,4.216,4.368,11601189.47,2025-10-07 23:59:59.999,51380705.91433,213552,6289130.57,27882293.21972,0.0,50673995.60496001,4.077369129836809,3.914680767721352,0.1626883621154569,0.1240743346568904,0.0386140274585665
2025-10-08 00:00:00,4.369,4.435,4.146,4.163,8197179.42,2025-10-08 03:59:59.999,35004658.34645,143449,3790827.77,16203952.37953,0.0,34124857.92546,4.0902404082596915,3.937528291843952,0.15271211641573945,0.12980189100866021,0.022910225407079238
2025-10-08 04:00:00,4.163,4.514,4.127,4.493,7237628.4,2025-10-08 07:59:59.999,31300849.96732,125882,3784697.28,16381013.54765,0.0,32518664.401200004,4.1448468810853605,3.982332860084892,0.1625140210004683,0.13634431700702185,0.026169703993446453
2025-10-08 08:00:00,4.492,4.603,4.311,4.388,8185491.78,2025-10-08 11:59:59.999,36365785.78665,162931,4198805.45,18670082.16797,0.0,35917937.93064,4.1821502270435,4.018715459934762,0.16343476710873794,0.1417624070273651,0.021672360081372855
2025-10-08 12:00:00,4.389,4.405,4.17,4.203,6330031.12,2025-10-08 15:59:59.999,27012653.69602,105747,2911422.84,12428146.26888,0.0,26605120.797360003,4.1847140975037656,4.031557312777596,0.15315678472616945,0.14404128256712598,0.00911550215904347
2025-10-08 16:00:00,4.203,4.306,4.166,4.241,4226147.99,2025-10-08 19:59:59.999,17875187.70405,67202,2102549.1,8900815.24047,0.0,17923093.62559,4.189692240023936,4.041577493791496,0.14811474623243992,0.14485597530018876,0.0032587709322511593
2025-10-08 20:00:00,4.242,4.265,4.007,4.044,3487726.04,2025-10-08 23:59:59.999,14396590.82893,45660,1427324.94,5881155.72942,0.0,14104364.105759999,4.178122645636841,4.041676568249233,0.13644607738760772,0.14317399571767256,-0.006727918330064836
2025-10-09 00:00:00,4.043,4.159,3.821,4.012,7436252.86,2025-10-09 03:59:59.999,29641467.25439,89100,3597663.7,14352933.69964,0.0,29834246.47432,4.150424158067087,4.03912234108626,0.11130181698082708,0.13679955997030346,-0.02549774298947638
2025-10-09 04:00:00,4.011,4.171,3.915,4.023,6396093.69,2025-10-09 07:59:59.999,25819132.45565,84370,3322011.11,13424036.56385,0.0,25731484.91487,4.131957231896076,4.037928754727407,0.09402847716866969,0.1282453434099767,-0.034216866241307015
2025-10-09 08:00:00,4.024,4.03,3.757,3.819,8047846.21,2025-10-09 11:59:59.999,30954459.66058,121810,3727685.15,14345246.17345,0.0,30734724.67599,4.07647084795874,4.017916954838767,0.05855389311997339,0.11430705335197605,-0.05575316023200266
2025-10-09 12:00:00,3.818,3.9,3.637,3.676,5638839.26,2025-10-09 15:59:59.999,21142036.18613,83103,2824255.75,10608899.82451,0.0,20728373.11976,4.025203512357501,3.9957966524460597,0.029406859911440986,0.09732701466386905,-0.06792015475242806
2025-10-09 16:00:00,3.676,3.799,3.655,3.722,2828538.18,2025-10-09 19:59:59.999,10548320.96076,53212,1354689.81,5055619.43711,0.0,10527819.10596,4.003816081905885,3.98652549318708,0.01729058871880529,0.0813197294748563,-0.06402914075605101
2025-10-09 20:00:00,3.723,3.759,3.71,3.737,1097063.21,2025-10-09 23:59:59.999,4097562.41118,19779,537862.98,2008743.96891,0.0,4099725.21577,3.9954593419185644,3.983035718170785,0.012423623747779278,0.0675405083294409,-0.055116884581661627
2025-10-10 00:00:00,3.737,3.786,3.588,3.64,3357052.56,2025-10-10 03:59:59.999,12302444.84771,50919,1608776.66,5898402.94609,0.0,12219671.318400001,3.9592939830789113,3.9678809620336652,-0.00858697895475391,0.052315010872601944,-0.060901989827355854
2025-10-10 04:00:00,3.639,3.736,3.638,3.675,2538506.6,2025-10-10 07:59:59.999,9380745.94134,46352,1274967.62,4713698.79627,0.0,9329011.755,3.9355994995578913,3.9576820974355598,-0.02208259787766842,0.03743548912254788,-0.059518087000216297
2025-10-10 08:00:00,3.674,3.748,3.666,3.702,1936947.66,2025-10-10 11:59:59.999,7168154.63204,34704,989961.64,3666367.94571,0.0,7170580.237319999,3.9192701145966344,3.9505496722889752,-0.03127955769234081,0.023692479759570142,-0.054972037451910954
2025-10-10 12:00:00,3.702,3.724,3.315,3.35,8086825.26,2025-10-10 15:59:59.999,28307638.92575,107517,3339298.4,11671696.12559,0.0,27090864.621,3.7732767358487,3.8834508026254975,-0.11017406677679764,-0.003080829547703416,-0.10709323722909422
2025-10-10 16:00:00,3.349,3.478,3.294,3.388,5164251.5,2025-10-10 19:59:59.999,17511957.7626,69215,2582057.77,8764054.71822,0.0,17496484.082,3.710798799286073,3.848003705078633,-0.13720490579256017,-0.02990564479667477,-0.10729926099588541
2025-10-10 20:00:00,3.389,3.402,1.51,2.851,27544744.01,2025-10-10 23:59:59.999,72603249.67171,544282,12103395.4,31842733.33122,0.0,78530065.17251,3.276179883541465,3.557027785807846,-0.28084790226638123,-0.08009409629061606,-0.20075380597576517
2025-10-11 00:00:00,2.846,3.006,2.69,2.913,7662621.22,2025-10-11 03:59:59.999,21849392.08033,117851,3488592.24,9961450.50795,0.0,22321215.613859996,3.224424671799866,3.5051090236759928,-0.28068435187612684,-0.12021214740771823,-0.1604722044684086
2025-10-11 04:00:00,2.911,2.929,2.814,2.829,3647878.64,2025-10-11 07:59:59.999,10460790.61882,61039,1649765.64,4733541.79885,0.0,10319848.67256,3.1950741980891526,3.478200769025563,-0.28312657093641036,-0.15279503211345666,-0.1303315388229537
2025-10-11 08:00:00,2.83,2.914,2.8,2.834,2993198.72,2025-10-11 11:59:59.999,8521113.24045,59673,1638821.19,4669389.21926,0.0,8482725.17248,3.170829993219258,3.456254740691414,-0.28542474747215607,-0.17932097518519655,-0.10610377228695952
2025-10-11 12:00:00,2.834,2.836,2.735,2.768,3072576.46,2025-10-11 15:59:59.999,8528496.08978,44015,1624268.2,4510548.21546,0.0,8504891.64128,3.1404881625177445,3.4312066585890517,-0.2907184960713072,-0.20160047936241868,-0.0891180167088885
2025-10-11 16:00:00,2.768,2.843,2.659,2.685,2949007.38,2025-10-11 19:59:59.999,8163041.39918,49651,1292215.98,3588435.85102,0.0,7918084.8153,3.104635909375007,3.404079813959349,-0.2994439045843422,-0.2211691644068034,-0.07827474017753883
2025-10-11 20:00:00,2.685,2.697,2.562,2.648,3703561.52,2025-10-11 23:59:59.999,9778502.64817,48310,1845872.1,4872486.15512,0.0,9807030.90496,3.056869908783636,3.3685516522025405,-0.3116817434189043,-0.2392716802092236,-0.07241006320968071
2025-10-12 00:00:00,2.648,2.666,2.57,2.622,2617806.04,2025-10-12 03:59:59.999,6830905.94928,32532,1285807.2,3355711.36195,0.0,6863887.43688,3.021924109763367,3.3426992547034144,-0.32077514494004733,-0.25557237315538833,-0.065202771784659
2025-10-12 04:00:00,2.622,2.856,2.616,2.806,3776730.62,2025-10-12 07:59:59.999,10461751.1917,57516,2082725.9,5770363.11474,0.0,10597506.11972,2.995904536580073,3.3152233757160126,-0.3193188391359394,-0.26832166635149857,-0.050997172784440825
2025-10-12 08:00:00,2.805,3.228,2.777,3.217,9104683.21,2025-10-12 11:59:59.999,27501542.44525,125393,4963610.11,15009895.95782,0.0,29289765.886570003,3.052411116958224,3.3036711011430406,-0.25125998418481643,-0.26490932991816213,0.013649345733345697
2025-10-12 12:00:00,3.216,3.374,3.084,3.35,12889613.55,2025-10-12 15:59:59.999,41637776.58312,161970,6270443.02,20271875.88483,0.0,43180205.392500006,3.141547071477587,3.310732416886775,-0.16918534540918806,-0.24576453301636733,0.07657918760717927
2025-10-12 16:00:00,3.348,3.49,3.259,3.42,7282464.33,2025-10-12 19:59:59.999,24437348.03311,126383,3495131.38,11738122.2695,0.0,24906028.0086,3.187955479441173,3.3200299118759147,-0.1320744324347416,-0.2230265129000422,0.0909520804653006
2025-10-12 20:00:00,3.42,3.501,3.303,3.418,4176067.27,2025-10-12 23:59:59.999,14128745.32502,54058,2124459.98,7195166.31621,0.0,14273797.928860001,3.211301940928267,3.324934217477918,-0.11363227654965113,-0.201147665629964,0.08751538908031287
2025-10-13 00:00:00,3.418,3.471,3.336,3.34,4740742.1,2025-10-13 03:59:59.999,16125131.65293,77786,2249779.35,7656586.23282,0.0,15834078.613999998,3.2267250697924825,3.3258054011912934,-0.0990803313988109,-0.1807341987837334,0.0816538673849225
2025-10-13 04:00:00,3.341,3.571,3.265,3.488,5621516.9,2025-10-13 07:59:59.999,19133921.60546,83852,2831392.54,9650739.8303,0.0,19607850.9472,3.264294529706424,3.3369884246999013,-0.07269389499347723,-0.15912613802568218,0.08643224303220495
2025-10-13 08:00:00,3.487,3.554,3.284,3.36,7434941.46,2025-10-13 11:59:59.999,25572074.39853,113948,3510022.69,12077066.72082,0.0,24981403.3056,3.2818575411424993,3.3390515367148472,-0.057193995572347944,-0.13873970953501533,0.08154571396266738
2025-10-13 12:00:00,3.359,3.525,3.328,3.401,7015610.01,2025-10-13 15:59:59.999,24028708.25178,132826,3416466.76,11712455.63107,0.0,23860089.644009996,3.3020974388534556,3.3442377207644007,-0.0421402819109451,-0.11941982401020129,0.0772795420992562
2025-10-13 16:00:00,3.4,3.541,3.399,3.503,4810073.43,2025-10-13 19:59:59.999,16775582.85563,88913,2553250.54,8906633.4339,0.0,16849687.22529,3.3264057726726977,3.353505036744201,-0.027099264071503537,-0.10095571202246174,0.0738564479509582
2025-10-13 20:00:00,3.503,3.695,3.493,3.644,4479803.3,2025-10-13 23:59:59.999,16193486.31392,73626,2276110.89,8221615.23143,0.0,16324403.2252,3.363731017230411,3.369615121102211,-0.0058841038718000505,-0.08194139039232941,0.07605728652052936
2025-10-14 00:00:00,3.643,3.888,3.627,3.684,9485769.69,2025-10-14 03:59:59.999,35504953.38896,148180,4593777.2,17190900.65638,0.0,34945575.53796,3.4365159615335017,3.4049987768539167,0.031517184679584975,-0.05924967537794654,0.09076686005753151
2025-10-14 04:00:00,3.685,3.723,3.313,3.36,10479496.96,2025-10-14 07:59:59.999,36439556.78696,180385,4897846.87,17031002.72536,0.0,35211109.7856,3.4190073622870267,3.3996714348799135,0.019335927407113207,-0.04353255482093459,0.0628684822280478
2025-10-14 08:00:00,3.359,3.466,3.27,3.374,7154423.37,2025-10-14 11:59:59.999,24256698.41505,144353,3719870.92,12625473.16853,0.0,24139024.45038,3.4119930051245646,3.397610461864311,0.014382543260253566,-0.03194953520469696,0.04633207846495053
2025-10-14 12:00:00,3.373,3.453,3.249,3.441,10251920.56,2025-10-14 15:59:59.999,34346077.23647,155280,5544523.77,18592552.25358,0.0,35276858.64696,3.4180501220560986,3.402405596898429,0.015644525157669786,-0.022430723132223614,0.0380752482898934
2025-10-14 16:00:00,3.441,3.605,3.405,3.468,8344982.87,2025-10-14 19:59:59.999,29234633.14321,121917,4178761.57,14644443.72973,0.0,28940400.59316,3.4264055626831875,3.4082140309178404,0.018191531765347158,-0.01430627215270946,0.032497803918056616
2025-10-14 20:00:00,3.47,3.555,3.442,3.508,2395588.44,2025-10-14 23:59:59.999,8402259.60724,44273,1235362.6,4335392.42078,0.0,8403724.24752,3.43078744086172,3.4108803367253913,0.01990710413632879,-0.007463596894901811,0.027370701031230602
2025-10-15 00:00:00,3.507,3.517,3.392,3.397,3227646.61,2025-10-15 03:59:59.999,11145708.62367,57962,1504837.53,5199643.84257,0.0,10964315.534169998,3.4281258268073898,3.410360852719187,0.017764974088202656,-0.0024178826982809176,0.020182856786483575
2025-10-15 04:00:00,3.398,3.455,3.362,3.441,5055206.5,2025-10-15 07:59:59.999,17255663.31022,91179,2326039.55,7942949.2734,0.0,17394965.5665,3.42976414909599,3.4121850299459724,0.01757911915001742,0.0015815176713787496,0.01599760147863867
2025-10-15 08:00:00,3.44,3.53,3.161,3.218,22064561.91,2025-10-15 11:59:59.999,72942285.57774,291145,11281323.87,37198745.95683,0.0,71003760.22638,3.345843863344575,3.369629636286408,-0.023785772941833372,-0.0034919404512636747,-0.020293832490569697
2025-10-15 12:00:00,3.217,3.27,3.094,3.125,10080620.46,2025-10-15 15:59:59.999,32184383.53916,209619,5274380.46,16855609.70524,0.0,31501938.937500004,3.306918401836979,3.3457585536535963,-0.038840151816617485,-0.010561582724334438,-0.028278569092283046
2025-10-15 16:00:00,3.124,3.178,3.043,3.052,4234110.92,2025-10-15 19:59:59.999,13172018.73804,88964,2010893.57,6260941.54495,0.0,12922506.52784,3.2864092016300828,3.3333064848085643,-0.04689728317848152,-0.017828722815163855,-0.029068560363317664
2025-10-15 20:00:00,3.052,3.071,2.989,3.025,2929554.78,2025-10-15 23:59:59.999,8859602.4883,57797,1350254.2,4084973.40913,0.0,8861903.2095,3.2702734870719565,3.323840757936526,-0.05356727086456958,-0.024976432425045002,-0.02859083843952458
2025-10-16 00:00:00,3.026,3.139,3.017,3.1,3092479.38,2025-10-16 03:59:59.999,9564457.73941,62287,1536905.98,4754665.28381,0.0,9586686.078,3.2580989573570607,3.316270721276244,-0.05817176391918322,-0.03161549872387265,-0.02655626519531057
2025-10-16 04:00:00,3.1,3.13,3.032,3.042,2820261.23,2025-10-16 07:59:59.999,8704692.31548,62864,1517924.74,4688226.51925,0.0,8579234.661659999,3.242637498794151,3.307429460123651,-0.06479196132950005,-0.03825079124499813,-0.026541170084501915
2025-10-16 08:00:00,3.043,3.123,2.948,3.098,3179862.01,2025-10-16 11:59:59.999,9693687.10743,57312,1529986.98,4668109.62264,0.0,9851212.506979998,3.23004824398848,3.2995191451790054,-0.06947090119052524,-0.04449481323410356,-0.02497608795642168
2025-10-16 12:00:00,3.098,3.142,2.887,2.906,4712178.36,2025-10-16 15:59:59.999,14258199.82663,72889,2252389.73,6826940.90367,0.0,13693590.314160002,3.187185826680183,3.277087090744794,-0.0899012640646113,-0.053576103400205105,-0.03632516066440619
2025-10-16 16:00:00,2.905,3.041,2.86,2.925,4838782.97,2025-10-16 19:59:59.999,14180914.13927,84895,2499953.47,7326550.63818,0.0,14153440.187249998,3.1509207788483526,3.25615227669623,-0.10523149784787744,-0.06390718228973957,-0.04132431555813787
2025-10-16 20:00:00,2.926,2.94,2.867,2.902,1530565.21,2025-10-16 23:59:59.999,4438040.5676,28415,734694.39,2131677.23065,0.0,4441700.23942,3.138682735555942,3.249101850285617,-0.11041911472967492,-0.07320956877772665,-0.03720954595194827
2025-10-17 00:00:00,2.902,2.962,2.896,2.948,1142613.3,2025-10-17 03:59:59.999,3353688.65294,25863,550983.88,1617182.44967,0.0,3368424.0084,3.1307555414423556,3.2443452731573093,-0.11358973171495368,-0.08128560136517206,-0.03230413034978162
2025-10-17 04:00:00,2.948,2.948,2.706,2.714,4031105.88,2025-10-17 07:59:59.999,11262791.76436,66092,1892771.78,5288262.87309,0.0,10940421.35832,3.069189185235552,3.2142357072876484,-0.14504652205209645,-0.09403778550255694,-0.05100873654953951
2025-10-17 08:00:00,2.714,2.811,2.63,2.793,5955810.31,2025-10-17 11:59:59.999,16141159.13685,83821,2938239.52,7970276.49522,0.0,16634578.19583,3.012555615614713,3.1792452698054046,-0.1666896541906917,-0.1085681592401839,-0.05812149495050781
2025-10-17 12:00:00,2.792,2.827,2.721,2.799,3158240.53,2025-10-17 15:59:59.999,8756745.3045,40876,1554837.36,4311004.20718,0.0,8839915.24347,2.9882375216889314,3.161977661321987,-0.1737401396330558,-0.12160255531875828,-0.052137584314297505
2025-10-17 16:00:00,2.8,2.853,2.792,2.808,1711411.67,2025-10-17 19:59:59.999,4829288.5431,27912,920160.49,2598112.8654,0.0,4805643.9693599995,2.9759870110439284,3.152813644911037,-0.17682663386710873,-0.13264737102842838,-0.044179262838680344
2025-10-17 20:00:00,2.809,2.918,2.797,2.844,1344858.7,2025-10-17 23:59:59.999,3846808.82326,22112,718620.72,2055574.73514,0.0,3824778.1427999996,2.968150371976458,3.1461744762156107,-0.1780241042391526,-0.14172271767057323,-0.03630138656857937
2025-10-18 00:00:00,2.844,2.943,2.83,2.884,1922366.17,2025-10-18 03:59:59.999,5569561.15764,40600,892794.97,2588159.49728,0.0,5544104.034279999,2.960479354212339,3.137752560900466,-0.17727320668812707,-0.148832815474084,-0.02844039121404307
2025-10-18 04:00:00,2.884,3.002,2.826,2.945,3182811.04,2025-10-18 07:59:59.999,9297060.45888,59758,1611377.88,4714512.10367,0.0,9373378.512799999,2.958136240126381,3.127282164266599,-0.169145924140218,-0.1528954372073108,-0.016250486932907204
2025-10-18 08:00:00,2.946,2.977,2.887,2.912,2167214.28,2025-10-18 11:59:59.999,6337614.00232,34597,1035708.13,3029816.40239,0.0,6310927.983359999,2.9531266150139284,3.1190127486100345,-0.16588613359610616,-0.1554935764850699,-0.01039255711103626
2025-10-18 12:00:00,2.912,2.917,2.842,2.875,1440468.03,2025-10-18 15:59:59.999,4144510.50187,27307,689507.9,1985845.40227,0.0,4141345.58625,2.9469866300302354,3.112465001352021,-0.16547837132178556,-0.15749053545241304,-0.007987835869372517
2025-10-18 16:00:00,2.874,2.912,2.828,2.899,1044570.54,2025-10-18 19:59:59.999,2994307.89813,20803,524154.89,1505240.39756,0.0,3028209.9954600004,2.943958562644892,3.1080712882962573,-0.16411272565136548,-0.15881497349220353,-0.00529775215916195
2025-10-18 20:00:00,2.898,2.903,2.862,2.876,427741.38,2025-10-18 23:59:59.999,1232169.73714,11460,193501.5,557547.76455,0.0,1230184.20888,2.9419447472704237,3.105977859059087,-0.16403311178866353,-0.15985860115149553,-0.004174510637168005
2025-10-19 00:00:00,2.876,2.898,2.841,2.89,850411.72,2025-10-19 03:59:59.999,2435287.97979,15244,332366.64,951825.71015,0.0,2457689.8708,2.9385634479392935,3.1018740572246495,-0.163310609285356,-0.16054900277826764,-0.002761606507088371
2025-10-19 04:00:00,2.89,2.899,2.841,2.859,713337.97,2025-10-19 07:59:59.999,2046756.30349,15255,344145.23,987867.56279,0.0,2039433.25623,2.9337404772818894,3.0977641117622743,-0.16402363448038493,-0.16124392911869112,-0.0027797053616938072
2025-10-19 08:00:00,2.859,2.961,2.789,2.923,3683354.92,2025-10-19 11:59:59.999,10622621.48064,66728,1748494.99,5049452.89432,0.0,10766446.43116,2.930840260743375,3.082694030447873,-0.15185376970449838,-0.1593658972358526,0.007512127531354218
2025-10-19 12:00:00,2.924,2.967,2.89,2.945,1956994.8,2025-10-19 15:59:59.999,5744267.47175,41248,1017905.46,2987565.66477,0.0,5763349.686,2.9328930257389776,3.0762020981723923,-0.14330907243341473,-0.15615453227536502,0.01284545984195029
2025-10-19 16:00:00,2.944,2.981,2.929,2.943,990033.76,2025-10-19 19:59:59.999,2923867.79736,21694,470961.92,1390948.81681,0.0,2913669.35568,2.9336991766905274,3.072857004102553,-0.13915782741202554,-0.15275519130269713,0.013597363890671593
2025-10-19 20:00:00,2.943,2.949,2.891,2.899,753594.0,2025-10-19 23:59:59.999,2202594.30839,12911,293530.83,857766.3632,0.0,2184669.006,2.9313761284893127,3.0693403790779588,-0.13796425058864603,-0.14979700315988692,0.01183275257124089
2025-10-20 00:00:00,2.899,2.956,2.837,2.952,1617599.2,2025-10-20 03:59:59.999,4650837.48867,32834,773835.31,2227404.27354,0.0,4775152.8384,2.934370249656792,3.0640846004380404,-0.12971435078124838,-0.14578047268415922,0.016066121902910846
2025-10-20 04:00:00,2.952,2.962,2.9,2.922,1927774.21,2025-10-20 07:59:59.999,5644543.17652,33275,889417.29,2605009.54707,0.0,5632956.24162,2.932270262531276,3.0563399173126284,-0.12406965478135223,-0.14143830910359784,0.017368654322245602
2025-10-20 08:00:00,2.921,3.061,2.891,3.008,5555521.08,2025-10-20 11:59:59.999,16608545.32711,80011,2946130.02,8809634.32235,0.0,16711007.408640001,2.960014285459809,3.049328598568938,-0.08931431310912918,-0.13101350990470412,0.04169919679557493
2025-10-20 12:00:00,3.009,3.012,2.935,2.951,2580532.11,2025-10-20 15:59:59.999,7677185.63924,46548,1215362.44,3616300.16721,0.0,7615150.25661,2.9585049495773346,3.0426593228027365,-0.08415437322540198,-0.1216416825688437,0.037487309343441716
2025-10-20 16:00:00,2.95,2.95,2.848,2.912,2918423.56,2025-10-20 19:59:59.999,8429365.20866,48689,1358518.34,3924943.56896,0.0,8498449.40672,2.950000701408923,3.032663096005119,-0.08266239459619573,-0.11384582497431411,0.031183430378118382
2025-10-20 20:00:00,2.912,2.927,2.889,2.908,552234.73,2025-10-20 23:59:59.999,1606231.77806,14310,288515.42,839406.72949,0.0,1605898.59484,2.94835059208071,3.030744006885584,-0.08239341480487417,-0.10755534294042612,0.02516192813555196
2025-10-21 00:00:00,2.907,2.911,2.789,2.8,2478634.95,2025-10-21 03:59:59.999,7031403.83955,40884,1170393.53,3318885.16288,0.0,6940177.86,2.9227662288638485,3.0147209881446333,-0.09195475928078478,-0.10443522620849786,0.012480466927713083
2025-10-21 04:00:00,2.8,2.802,2.67,2.735,8210131.18,2025-10-21 07:59:59.999,22512408.22223,115644,3831347.59,10515775.14215,0.0,22454708.777299996,2.8470919858176114,2.9590611690046225,-0.1119691831870111,-0.10594201760420052,-0.006027165582810579
2025-10-21 08:00:00,2.735,2.74,2.664,2.692,3048536.59,2025-10-21 11:59:59.999,8212523.9034,38361,1222786.86,3293309.72592,0.0,8206660.50028,2.823784888116648,2.9393255483465834,-0.11554066022993537,-0.1078617461293475,-0.007678914100587866
2025-10-21 12:00:00,2.691,2.952,2.683,2.933,5673384.07,2025-10-21 15:59:59.999,16037398.78609,86286,2980820.93,8433232.84236,0.0,16640035.47731,2.850915586789436,2.938507516225912,-0.08759192943647642,-0.1038077827907733,0.016215853354296872
2025-10-21 16:00:00,2.933,2.943,2.817,2.853,3229262.11,2025-10-21 19:59:59.999,9290391.15641,50493,1565823.94,4504749.02824,0.0,9213084.79983,2.8512140314591554,2.9322104330123393,-0.08099640155318388,-0.09924550654325542,0.01824910499007154
2025-10-21 20:00:00,2.854,2.857,2.692,2.701,2011608.2,2025-10-21 23:59:59.999,5560404.36572,32037,919583.8,2542445.591,0.0,5433353.7482,2.83689020856763,2.9212958939555755,-0.08440568538794535,-0.09627754231219342,0.011871856924248067
2025-10-22 00:00:00,2.7,2.757,2.691,2.743,1825063.39,2025-10-22 03:59:59.999,4969328.04273,22429,961664.23,2619884.18483,0.0,5006148.878769999,2.8281810417179085,2.9134134628189314,-0.08523242110102291,-0.09406851806995932,0.008836096968936405
2025-10-22 04:00:00,2.742,2.77,2.719,2.765,1065249.71,2025-10-22 07:59:59.999,2921293.31484,13773,519315.86,1424749.14983,0.0,2945415.44815,2.824381496777308,2.909389520520703,-0.085008023743395,-0.09225641920464646,0.007248395461251458
2025-10-22 08:00:00,2.765,2.766,2.67,2.71,2011291.4,2025-10-22 11:59:59.999,5459378.83572,26503,921240.26,2500466.19709,0.0,5450599.694,2.8108486509092225,2.8989433437543224,-0.08809469284509985,-0.09142407393273715,0.0033293810876372926
2025-10-22 12:00:00,2.709,2.815,2.702,2.759,2156219.08,2025-10-22 15:59:59.999000,5946108.50756,29202,1200012.16,3312108.27179,,5949008.44172,2.8040897004197474,2.8909399705670737,-0.08685027014732638,-0.090509313175655,0.003659043028328618
