open_time,open,high,low,close,volume,close_time,quote_asset_volume,number_of_trades,taker_buy_base_volume,taker_buy_quote_volume,ignore
2025-05-02 11:05:00,0.43480000,0.43750000,0.43380000,0.43720000,16366.10000000,2025-05-02 11:09:59.999,7136.33478000,139,9456.40000000,4127.32863000,0
2025-05-02 11:10:00,0.43720000,0.43750000,0.43560000,0.43560000,12959.50000000,2025-05-02 11:14:59.999,5654.82789000,157,4801.40000000,2095.45330000,0
2025-05-02 11:15:00,0.43580000,0.43880000,0.43520000,0.43830000,23615.30000000,2025-05-02 11:19:59.999,10305.19618000,147,12032.10000000,5251.16421000,0
2025-05-02 11:20:00,0.43820000,0.44260000,0.43790000,0.44100000,62839.80000000,2025-05-02 11:24:59.999,27651.92211000,411,47983.00000000,21109.69297000,0
2025-05-02 11:25:00,0.44090000,0.44160000,0.43790000,0.44000000,36649.70000000,2025-05-02 11:29:59.999,16114.89713000,295,20500.50000000,9013.19068000,0
2025-05-02 11:30:00,0.44020000,0.44040000,0.43860000,0.43980000,6940.20000000,2025-05-02 11:34:59.999,3049.54000000,77,4021.00000000,1767.41628000,0
2025-05-02 11:35:00,0.43940000,0.44090000,0.43860000,0.43880000,5481.50000000,2025-05-02 11:39:59.999,2412.59205000,75,2648.30000000,1165.68604000,0
2025-05-02 11:40:00,0.43870000,0.43940000,0.43740000,0.43760000,8945.50000000,2025-05-02 11:44:59.999,3921.04577000,67,1590.70000000,696.97624000,0
2025-05-02 11:45:00,0.43770000,0.43790000,0.43500000,0.43530000,16346.20000000,2025-05-02 11:49:59.999,7124.28471000,163,3487.80000000,1520.31849000,0
2025-05-02 11:50:00,0.43530000,0.43700000,0.43520000,0.43650000,9515.80000000,2025-05-02 11:54:59.999,4151.37596000,93,7809.10000000,3407.73526000,0
2025-05-02 11:55:00,0.43650000,0.43740000,0.43540000,0.43540000,19107.20000000,2025-05-02 11:59:59.999,8333.32256000,101,7357.50000000,3212.03833000,0
2025-05-02 12:00:00,0.43580000,0.44190000,0.43500000,0.43730000,104031.30000000,2025-05-02 12:04:59.999,45721.03758000,545,54888.40000000,24114.71578000,0
2025-05-02 12:05:00,0.43760000,0.43760000,0.43480000,0.43520000,68416.90000000,2025-05-02 12:09:59.999,29828.31661000,198,10412.30000000,4541.29822000,0
2025-05-02 12:10:00,0.43470000,0.43470000,0.43030000,0.43250000,52141.70000000,2025-05-02 12:14:59.999,22549.66401000,338,20141.90000000,8715.53559000,0
2025-05-02 12:15:00,0.43210000,0.43250000,0.43090000,0.43150000,16522.20000000,2025-05-02 12:19:59.999,7135.89338000,103,6098.20000000,2634.20199000,0
2025-05-02 12:20:00,0.43180000,0.43250000,0.42910000,0.43090000,38769.70000000,2025-05-02 12:24:59.999,16666.41861000,209,9577.60000000,4125.29798000,0
2025-05-02 12:25:00,0.43010000,0.43110000,0.42920000,0.43090000,20439.60000000,2025-05-02 12:29:59.999,8788.77710000,155,13793.20000000,5932.97361000,0
2025-05-02 12:30:00,0.43070000,0.43740000,0.43070000,0.43280000,120990.40000000,2025-05-02 12:34:59.999,52543.61015000,374,85104.80000000,36928.29225000,0
2025-05-02 12:35:00,0.43270000,0.43540000,0.43230000,0.43510000,12425.70000000,2025-05-02 12:39:59.999,5395.32505000,108,7269.80000000,3158.13429000,0
2025-05-02 12:40:00,0.43490000,0.43600000,0.43360000,0.43400000,21578.10000000,2025-05-02 12:44:59.999,9377.42712000,172,7508.40000000,3267.11933000,0
2025-05-02 12:45:00,0.43410000,0.43570000,0.43310000,0.43410000,45758.80000000,2025-05-02 12:49:59.999,19876.78522000,303,17636.20000000,7665.37253000,0
2025-05-02 12:50:00,0.43380000,0.43710000,0.43370000,0.43620000,26765.30000000,2025-05-02 12:54:59.999,11656.92226000,155,20135.90000000,8773.89707000,0
2025-05-02 12:55:00,0.43610000,0.43650000,0.43510000,0.43640000,5183.10000000,2025-05-02 12:59:59.999,2258.75589000,47,3901.30000000,1700.22440000,0
2025-05-02 13:00:00,0.43640000,0.43700000,0.43490000,0.43590000,11087.10000000,2025-05-02 13:04:59.999,4830.69855000,106,7773.50000000,3387.42119000,0
2025-05-02 13:05:00,0.43600000,0.43790000,0.43600000,0.43780000,17223.80000000,2025-05-02 13:09:59.999,7527.63730000,150,6307.60000000,2757.16965000,0
2025-05-02 13:10:00,0.43780000,0.44140000,0.43750000,0.44140000,91068.80000000,2025-05-02 13:14:59.999,40056.12157000,409,33181.40000000,14596.97794000,0
2025-05-02 13:15:00,0.44120000,0.44860000,0.43880000,0.44650000,155240.50000000,2025-05-02 13:19:59.999,68929.12563000,1026,72696.70000000,32316.83136000,0
2025-05-02 13:20:00,0.44600000,0.45490000,0.44480000,0.44680000,278050.80000000,2025-05-02 13:24:59.999,125074.19762000,2004,115467.50000000,52021.42840000,0
2025-05-02 13:25:00,0.44690000,0.45080000,0.44430000,0.44570000,99045.20000000,2025-05-02 13:29:59.999,44372.50750000,687,29153.10000000,13068.08015000,0
2025-05-02 13:30:00,0.44590000,0.45010000,0.44480000,0.44730000,64134.10000000,2025-05-02 13:34:59.999,28699.29006000,427,27425.30000000,12280.73412000,0
2025-05-02 13:35:00,0.44740000,0.44880000,0.43390000,0.43910000,401833.80000000,2025-05-02 13:39:59.999,177044.92041000,1570,156439.90000000,68825.67066000,0
2025-05-02 13:40:00,0.43930000,0.44440000,0.43900000,0.44080000,165293.30000000,2025-05-02 13:44:59.999,72850.34937000,821,100109.10000000,44110.57959000,0
2025-05-02 13:45:00,0.44070000,0.44620000,0.44010000,0.44620000,108631.70000000,2025-05-02 13:49:59.999,48121.09379000,527,73151.70000000,32427.87835000,0
2025-05-02 13:50:00,0.44630000,0.44740000,0.44320000,0.44470000,49918.30000000,2025-05-02 13:54:59.999,22217.46163000,339,13039.40000000,5805.79800000,0
2025-05-02 13:55:00,0.44440000,0.44440000,0.44120000,0.44280000,16249.80000000,2025-05-02 13:59:59.999,7192.68246000,136,8020.90000000,3548.43348000,0
2025-05-02 14:00:00,0.44290000,0.44300000,0.43750000,0.43780000,78855.40000000,2025-05-02 14:04:59.999,34681.83071000,485,19814.10000000,8700.91336000,0
2025-05-02 14:05:00,0.43780000,0.43860000,0.43550000,0.43610000,47585.30000000,2025-05-02 14:09:59.999,20789.66983000,199,18514.10000000,8099.79741000,0
2025-05-02 14:10:00,0.43610000,0.43610000,0.43420000,0.43540000,33719.10000000,2025-05-02 14:14:59.999,14675.27824000,175,8229.20000000,3582.76972000,0
2025-05-02 14:15:00,0.43550000,0.44000000,0.43510000,0.43940000,21727.10000000,2025-05-02 14:19:59.999,9511.25867000,148,11364.10000000,4974.67738000,0
2025-05-02 14:20:00,0.43940000,0.44030000,0.43750000,0.44030000,22550.10000000,2025-05-02 14:24:59.999,9897.16465000,150,13401.30000000,5884.76023000,0
2025-05-02 14:25:00,0.44000000,0.44170000,0.43880000,0.44150000,41994.40000000,2025-05-02 14:29:59.999,18507.41340000,185,30085.80000000,13257.77506000,0
2025-05-02 14:30:00,0.44140000,0.44270000,0.43960000,0.44150000,29857.80000000,2025-05-02 14:34:59.999,13168.92011000,198,9480.80000000,4182.75240000,0
2025-05-02 14:35:00,0.44150000,0.44170000,0.43820000,0.43830000,26979.00000000,2025-05-02 14:39:59.999,11870.55586000,206,7878.60000000,3473.48973000,0
2025-05-02 14:40:00,0.43820000,0.43890000,0.43580000,0.43620000,20364.00000000,2025-05-02 14:44:59.999,8904.55580000,160,7842.30000000,3428.47205000,0
2025-05-02 14:45:00,0.43620000,0.43790000,0.43610000,0.43740000,24806.30000000,2025-05-02 14:49:59.999,10840.59567000,159,17077.90000000,7462.86948000,0
2025-05-02 14:50:00,0.43710000,0.43840000,0.43580000,0.43660000,36842.60000000,2025-05-02 14:54:59.999,16104.65378000,189,12942.80000000,5663.11969000,0
2025-05-02 14:55:00,0.43670000,0.44170000,0.43670000,0.43990000,49691.90000000,2025-05-02 14:59:59.999,21835.36041000,236,35830.50000000,15746.66272000,0
2025-05-02 15:00:00,0.43980000,0.44200000,0.43940000,0.44150000,54473.90000000,2025-05-02 15:04:59.999,24037.43410000,210,9133.50000000,4026.03438000,0
2025-05-02 15:05:00,0.44160000,0.44310000,0.44110000,0.44280000,36906.30000000,2025-05-02 15:09:59.999,16320.66980000,206,18743.90000000,8293.31948000,0
2025-05-02 15:10:00,0.44290000,0.44490000,0.44050000,0.44460000,69810.00000000,2025-05-02 15:14:59.999,30882.32253000,284,49958.50000000,22108.52664000,0
2025-05-02 15:15:00,0.44450000,0.44750000,0.44290000,0.44330000,71740.20000000,2025-05-02 15:19:59.999,31938.25659000,353,44332.90000000,19741.92701000,0
2025-05-02 15:20:00,0.44320000,0.44320000,0.44020000,0.44140000,31530.20000000,2025-05-02 15:24:59.999,13909.46823000,174,8520.80000000,3758.61372000,0
2025-05-02 15:25:00,0.44150000,0.44270000,0.43900000,0.44160000,33911.70000000,2025-05-02 15:29:59.999,14951.80113000,313,11579.10000000,5107.85443000,0
2025-05-02 15:30:00,0.44160000,0.44450000,0.44100000,0.44160000,26803.70000000,2025-05-02 15:34:59.999,11863.07937000,171,14375.50000000,6371.34583000,0
2025-05-02 15:35:00,0.44190000,0.44190000,0.43870000,0.43990000,17246.40000000,2025-05-02 15:39:59.999,7588.64774000,172,2596.30000000,1141.63446000,0
2025-05-02 15:40:00,0.43990000,0.44220000,0.43760000,0.43900000,81222.30000000,2025-05-02 15:44:59.999,35648.08575000,275,27672.80000000,12166.02778000,0
2025-05-02 15:45:00,0.43910000,0.44020000,0.43600000,0.43720000,115097.30000000,2025-05-02 15:49:59.999,50457.07200000,456,25724.80000000,11286.95100000,0
2025-05-02 15:50:00,0.43720000,0.43720000,0.42500000,0.42770000,165183.90000000,2025-05-02 15:54:59.999,71183.30186000,758,23198.50000000,9978.67604000,0
2025-05-02 15:55:00,0.42910000,0.42990000,0.42440000,0.42620000,148583.80000000,2025-05-02 15:59:59.999,63331.57882000,632,35909.50000000,15317.53824000,0
2025-05-02 16:00:00,0.42580000,0.42790000,0.42350000,0.42430000,58183.20000000,2025-05-02 16:04:59.999,24769.61133000,538,33393.50000000,14233.13448000,0
2025-05-02 16:05:00,0.42460000,0.42550000,0.42260000,0.42360000,31555.70000000,2025-05-02 16:09:59.999,13380.25962000,414,12020.80000000,5102.93223000,0
2025-05-02 16:10:00,0.42370000,0.42580000,0.42370000,0.42530000,33326.80000000,2025-05-02 16:14:59.999,14169.04634000,224,12601.30000000,5356.57512000,0
2025-05-02 16:15:00,0.42520000,0.42530000,0.42160000,0.42270000,34843.60000000,2025-05-02 16:19:59.999,14737.40179000,312,7017.30000000,2967.36656000,0
2025-05-02 16:20:00,0.42270000,0.42280000,0.41910000,0.41970000,64934.40000000,2025-05-02 16:24:59.999,27317.54145000,350,18191.40000000,7661.12658000,0
2025-05-02 16:25:00,0.41960000,0.42110000,0.41590000,0.42030000,106631.10000000,2025-05-02 16:29:59.999,44667.25133000,502,24540.20000000,10288.84056000,0
2025-05-02 16:30:00,0.42040000,0.42330000,0.41910000,0.42150000,23384.90000000,2025-05-02 16:34:59.999,9859.34168000,225,11283.30000000,4761.69912000,0
2025-05-02 16:35:00,0.42140000,0.42390000,0.42140000,0.42300000,18653.80000000,2025-05-02 16:39:59.999,7889.51390000,156,8774.00000000,3709.90875000,0
2025-05-02 16:40:00,0.42300000,0.42390000,0.42200000,0.42310000,36185.40000000,2025-05-02 16:44:59.999,15301.79005000,198,22147.30000000,9365.59838000,0
2025-05-02 16:45:00,0.42300000,0.42360000,0.42150000,0.42330000,21385.80000000,2025-05-02 16:49:59.999,9041.27546000,177,16297.20000000,6891.27247000,0
2025-05-02 16:50:00,0.42300000,0.42560000,0.42220000,0.42360000,70102.60000000,2025-05-02 16:54:59.999,29742.97762000,267,43641.00000000,18522.27068000,0
2025-05-02 16:55:00,0.42370000,0.42550000,0.42020000,0.42150000,93900.60000000,2025-05-02 16:59:59.999,39756.94721000,328,22758.80000000,9639.17833000,0
2025-05-02 17:00:00,0.42150000,0.42440000,0.42140000,0.42230000,34923.30000000,2025-05-02 17:04:59.999,14774.65138000,180,25136.50000000,10637.94633000,0
2025-05-02 17:05:00,0.42220000,0.42270000,0.42140000,0.42160000,7194.10000000,2025-05-02 17:09:59.999,3036.69568000,68,4278.50000000,1806.03797000,0
2025-05-02 17:10:00,0.42160000,0.42420000,0.42150000,0.42390000,43337.60000000,2025-05-02 17:14:59.999,18348.33250000,124,37223.50000000,15761.65763000,0
2025-05-02 17:15:00,0.42370000,0.42460000,0.42150000,0.42390000,37054.00000000,2025-05-02 17:19:59.999,15670.73800000,152,7924.50000000,3354.61314000,0
2025-05-02 17:20:00,0.42390000,0.42390000,0.42180000,0.42180000,15734.20000000,2025-05-02 17:24:59.999,6649.81260000,100,999.20000000,422.76140000,0
2025-05-02 17:25:00,0.42170000,0.42170000,0.41950000,0.42100000,27201.00000000,2025-05-02 17:29:59.999,11435.68025000,177,6486.50000000,2730.25470000,0
2025-05-02 17:30:00,0.42110000,0.42150000,0.41820000,0.41940000,32227.10000000,2025-05-02 17:34:59.999,13518.62991000,238,13061.40000000,5478.48383000,0
2025-05-02 17:35:00,0.41940000,0.42060000,0.41930000,0.42000000,7836.00000000,2025-05-02 17:39:59.999,3289.64243000,76,3581.60000000,1503.56520000,0
2025-05-02 17:40:00,0.42000000,0.42000000,0.41850000,0.41920000,7151.40000000,2025-05-02 17:44:59.999,2998.74502000,68,1403.80000000,588.74275000,0
2025-05-02 17:45:00,0.41930000,0.42060000,0.41870000,0.42060000,14605.20000000,2025-05-02 17:49:59.999,6128.42848000,114,8394.30000000,3523.20255000,0
2025-05-02 17:50:00,0.42060000,0.42310000,0.42050000,0.42100000,26179.60000000,2025-05-02 17:54:59.999,11043.25040000,137,19530.20000000,8241.42084000,0
2025-05-02 17:55:00,0.42090000,0.42210000,0.42060000,0.42140000,4826.60000000,2025-05-02 17:59:59.999,2033.46655000,53,4166.80000000,1755.80700000,0
2025-05-02 18:00:00,0.42150000,0.42470000,0.42040000,0.42450000,66354.00000000,2025-05-02 18:04:59.999,28065.58439000,241,31401.10000000,13273.28074000,0
2025-05-02 18:05:00,0.42440000,0.42610000,0.42400000,0.42580000,42495.50000000,2025-05-02 18:09:59.999,18067.54727000,187,15739.40000000,6693.32097000,0
2025-05-02 18:10:00,0.42530000,0.42640000,0.42500000,0.42550000,17591.70000000,2025-05-02 18:14:59.999,7485.62156000,118,3845.40000000,1636.95702000,0
2025-05-02 18:15:00,0.42540000,0.42780000,0.42530000,0.42740000,43647.60000000,2025-05-02 18:19:59.999,18614.65719000,192,15732.00000000,6715.11136000,0
2025-05-02 18:20:00,0.42760000,0.42890000,0.42740000,0.42810000,20455.10000000,2025-05-02 18:24:59.999,8755.28100000,122,15505.80000000,6637.98929000,0
2025-05-02 18:25:00,0.42800000,0.42840000,0.42510000,0.42590000,33135.70000000,2025-05-02 18:29:59.999,14150.45739000,166,4048.50000000,1728.64569000,0
2025-05-02 18:30:00,0.42580000,0.42770000,0.42580000,0.42740000,14421.40000000,2025-05-02 18:34:59.999,6157.42998000,100,9075.80000000,3875.61359000,0
2025-05-02 18:35:00,0.42730000,0.42730000,0.42630000,0.42630000,3653.00000000,2025-05-02 18:39:59.999,1558.80066000,42,2490.10000000,1062.42130000,0
2025-05-02 18:40:00,0.42600000,0.42750000,0.42500000,0.42540000,37277.80000000,2025-05-02 18:44:59.999,15903.45717000,134,22879.10000000,9771.43891000,0
2025-05-02 18:45:00,0.42560000,0.42730000,0.42470000,0.42610000,22443.10000000,2025-05-02 18:49:59.999,9559.80443000,129,9031.10000000,3850.52763000,0
2025-05-02 18:50:00,0.42590000,0.42780000,0.42520000,0.42780000,34138.00000000,2025-05-02 18:54:59.999,14575.73716000,95,32547.20000000,13897.72089000,0
2025-05-02 18:55:00,0.42740000,0.42860000,0.42710000,0.42800000,15565.60000000,2025-05-02 18:59:59.999,6658.09183000,75,8844.50000000,3783.32512000,0
2025-05-02 19:00:00,0.42800000,0.42840000,0.42640000,0.42790000,16145.60000000,2025-05-02 19:04:59.999,6904.62510000,115,10494.30000000,4488.61530000,0
2025-05-02 19:05:00,0.42790000,0.42880000,0.42700000,0.42880000,19264.50000000,2025-05-02 19:09:59.999,8245.20207000,113,11825.00000000,5062.80578000,0
2025-05-02 19:10:00,0.42790000,0.42790000,0.42470000,0.42580000,49571.70000000,2025-05-02 19:14:59.999,21102.16816000,147,5062.40000000,2158.54304000,0
2025-05-02 19:15:00,0.42580000,0.42580000,0.42440000,0.42480000,13446.00000000,2025-05-02 19:19:59.999,5711.62823000,104,3360.20000000,1427.53990000,0
2025-05-02 19:20:00,0.42520000,0.42600000,0.42430000,0.42500000,11391.90000000,2025-05-02 19:24:59.999,4845.10003000,82,4257.00000000,1812.48481000,0
2025-05-02 19:25:00,0.42480000,0.42610000,0.42480000,0.42570000,4826.90000000,2025-05-02 19:29:59.999,2053.34759000,49,3539.90000000,1505.56288000,0
2025-05-02 19:30:00,0.42580000,0.42600000,0.42530000,0.42580000,2565.90000000,2025-05-02 19:34:59.999,1092.40444000,32,184.50000000,78.56183000,0
2025-05-02 19:35:00,0.42580000,0.42590000,0.42370000,0.42550000,19858.20000000,2025-05-02 19:39:59.999,8434.80762000,98,7119.80000000,3026.10880000,0
2025-05-02 19:40:00,0.42540000,0.42560000,0.42230000,0.42280000,8168.70000000,2025-05-02 19:44:59.999,3459.96376000,81,1586.00000000,671.85352000,0
2025-05-02 19:45:00,0.42270000,0.42290000,0.42050000,0.42070000,22239.40000000,2025-05-02 19:49:59.999,9383.80425000,181,8271.70000000,3490.86295000,0
2025-05-02 19:50:00,0.42060000,0.42260000,0.41990000,0.42210000,22273.60000000,2025-05-02 19:54:59.999,9378.31953000,176,4458.10000000,1879.12334000,0
2025-05-02 19:55:00,0.42230000,0.42240000,0.42150000,0.42220000,4560.10000000,2025-05-02 19:59:59.999,1924.35584000,108,2459.70000000,1038.11545000,0
2025-05-02 20:00:00,0.42220000,0.42260000,0.42120000,0.42140000,15943.30000000,2025-05-02 20:04:59.999,6723.28054000,154,4925.60000000,2076.73308000,0
2025-05-02 20:05:00,0.42140000,0.42210000,0.42120000,0.42210000,5953.50000000,2025-05-02 20:09:59.999,2510.56300000,80,2386.50000000,1006.63355000,0
2025-05-02 20:10:00,0.42220000,0.42340000,0.42220000,0.42340000,10199.20000000,2025-05-02 20:14:59.999,4313.02045000,92,7624.90000000,3224.48168000,0
2025-05-02 20:15:00,0.42340000,0.42630000,0.42340000,0.42370000,58895.10000000,2025-05-02 20:19:59.999,25014.37669000,226,38959.70000000,16561.00178000,0
2025-05-02 20:20:00,0.42370000,0.42620000,0.42370000,0.42520000,8557.40000000,2025-05-02 20:24:59.999,3637.33911000,81,6611.60000000,2811.19249000,0
2025-05-02 20:25:00,0.42500000,0.42760000,0.42480000,0.42690000,35593.20000000,2025-05-02 20:29:59.999,15186.14646000,259,24912.60000000,10631.91081000,0
2025-05-02 20:30:00,0.42690000,0.42810000,0.42470000,0.42700000,31685.50000000,2025-05-02 20:34:59.999,13522.99696000,270,13332.90000000,5693.92575000,0
2025-05-02 20:35:00,0.42710000,0.43080000,0.42670000,0.42980000,34210.10000000,2025-05-02 20:39:59.999,14676.86183000,175,27734.60000000,11897.27913000,0
2025-05-02 20:40:00,0.42980000,0.42980000,0.42620000,0.42810000,29313.70000000,2025-05-02 20:44:59.999,12558.76005000,166,6054.10000000,2593.29999000,0
2025-05-02 20:45:00,0.42840000,0.42880000,0.42650000,0.42660000,12486.40000000,2025-05-02 20:49:59.999,5332.10547000,53,7538.40000000,3218.48946000,0
2025-05-02 20:50:00,0.42650000,0.42700000,0.42540000,0.42570000,11702.90000000,2025-05-02 20:54:59.999,4986.98308000,58,8807.60000000,3752.28254000,0
2025-05-02 20:55:00,0.42580000,0.42940000,0.42570000,0.42800000,53690.00000000,2025-05-02 20:59:59.999,22969.00819000,273,43001.30000000,18397.28055000,0
2025-05-02 21:00:00,0.42800000,0.42810000,0.42570000,0.42720000,23417.20000000,2025-05-02 21:04:59.999,9989.02980000,117,3575.70000000,1527.57598000,0
2025-05-02 21:05:00,0.42710000,0.42710000,0.42550000,0.42640000,19674.10000000,2025-05-02 21:09:59.999,8386.24647000,156,3623.80000000,1545.39628000,0
2025-05-02 21:10:00,0.42630000,0.42820000,0.42630000,0.42800000,13752.80000000,2025-05-02 21:14:59.999,5875.79162000,142,12134.30000000,5184.02877000,0
2025-05-02 21:15:00,0.42820000,0.42950000,0.42770000,0.42890000,18249.10000000,2025-05-02 21:19:59.999,7825.08533000,103,10680.20000000,4582.54555000,0
2025-05-02 21:20:00,0.42920000,0.42960000,0.42770000,0.42910000,8255.20000000,2025-05-02 21:24:59.999,3537.51333000,103,3932.50000000,1686.97152000,0
2025-05-02 21:25:00,0.42930000,0.43100000,0.42900000,0.43050000,13494.90000000,2025-05-02 21:29:59.999,5806.34175000,177,6014.30000000,2587.02272000,0
2025-05-02 21:30:00,0.43010000,0.43110000,0.42970000,0.42980000,9196.00000000,2025-05-02 21:34:59.999,3958.96014000,168,5877.20000000,2531.25399000,0
2025-05-02 21:35:00,0.43010000,0.43130000,0.42960000,0.43080000,6399.50000000,2025-05-02 21:39:59.999,2755.62176000,111,5064.50000000,2181.07085000,0
2025-05-02 21:40:00,0.43060000,0.43060000,0.42650000,0.42750000,47295.40000000,2025-05-02 21:44:59.999,20244.13887000,250,4998.90000000,2139.41156000,0
2025-05-02 21:45:00,0.42730000,0.42780000,0.42480000,0.42580000,19588.40000000,2025-05-02 21:49:59.999,8337.28549000,136,886.40000000,377.24431000,0
2025-05-02 21:50:00,0.42570000,0.42580000,0.42240000,0.42530000,13718.50000000,2025-05-02 21:54:59.999,5813.73333000,155,3485.70000000,1480.59624000,0
2025-05-02 21:55:00,0.42560000,0.42570000,0.42240000,0.42390000,24285.40000000,2025-05-02 21:59:59.999,10293.84704000,188,8803.30000000,3738.95516000,0
2025-05-02 22:00:00,0.42370000,0.42580000,0.42220000,0.42460000,13434.10000000,2025-05-02 22:04:59.999,5692.23024000,107,5401.20000000,2294.28274000,0
2025-05-02 22:05:00,0.42460000,0.42750000,0.42450000,0.42600000,28390.60000000,2025-05-02 22:09:59.999,12101.65615000,232,21986.00000000,9374.88502000,0
2025-05-02 22:10:00,0.42590000,0.42650000,0.42560000,0.42570000,7559.70000000,2025-05-02 22:14:59.999,3221.29128000,50,2520.40000000,1074.01672000,0
2025-05-02 22:15:00,0.42580000,0.42610000,0.42510000,0.42590000,6429.80000000,2025-05-02 22:19:59.999,2736.58693000,64,3676.90000000,1564.97242000,0
2025-05-02 22:20:00,0.42600000,0.42820000,0.42600000,0.42710000,23395.10000000,2025-05-02 22:24:59.999,9985.90168000,176,9444.10000000,4031.49468000,0
2025-05-02 22:25:00,0.42680000,0.43290000,0.42680000,0.43230000,129878.00000000,2025-05-02 22:29:59.999,55859.61480000,438,83297.30000000,35814.00414000,0
2025-05-02 22:30:00,0.43230000,0.43600000,0.43020000,0.43420000,121663.50000000,2025-05-02 22:34:59.999,52692.75808000,704,74812.20000000,32407.14958000,0
2025-05-02 22:35:00,0.43380000,0.43500000,0.43270000,0.43460000,24361.10000000,2025-05-02 22:39:59.999,10571.32875000,164,12787.80000000,5553.13298000,0
2025-05-02 22:40:00,0.43450000,0.43550000,0.43220000,0.43540000,48232.10000000,2025-05-02 22:44:59.999,20947.81779000,294,26077.40000000,11330.02066000,0
2025-05-02 22:45:00,0.43530000,0.43540000,0.43290000,0.43360000,26739.50000000,2025-05-02 22:49:59.999,11608.50928000,204,13160.30000000,5714.94999000,0
2025-05-02 22:50:00,0.43360000,0.43730000,0.43280000,0.43480000,32787.10000000,2025-05-02 22:54:59.999,14269.46956000,249,21680.70000000,9443.58465000,0
2025-05-02 22:55:00,0.43490000,0.43590000,0.43350000,0.43430000,21823.60000000,2025-05-02 22:59:59.999,9480.19491000,251,3912.10000000,1702.64982000,0
2025-05-02 23:00:00,0.43450000,0.43550000,0.43250000,0.43280000,31123.70000000,2025-05-02 23:04:59.999,13516.42862000,187,18174.10000000,7899.03510000,0
2025-05-02 23:05:00,0.43250000,0.43300000,0.42720000,0.43040000,110226.10000000,2025-05-02 23:09:59.999,47449.92646000,497,44686.20000000,19252.78807000,0
2025-05-02 23:10:00,0.43010000,0.43060000,0.42930000,0.43000000,6303.70000000,2025-05-02 23:14:59.999,2709.95730000,85,3739.00000000,1608.15522000,0
2025-05-02 23:15:00,0.43000000,0.43150000,0.42970000,0.43020000,10644.10000000,2025-05-02 23:19:59.999,4583.71971000,99,7228.40000000,3113.53661000,0
2025-05-02 23:20:00,0.43040000,0.43780000,0.43040000,0.43620000,108245.80000000,2025-05-02 23:24:59.999,46991.24355000,555,71054.80000000,30861.21007000,0
2025-05-02 23:25:00,0.43580000,0.43770000,0.43480000,0.43710000,26791.50000000,2025-05-02 23:29:59.999,11697.18934000,154,16705.90000000,7295.99666000,0
2025-05-02 23:30:00,0.43720000,0.44070000,0.43510000,0.43530000,63649.80000000,2025-05-02 23:34:59.999,27883.92145000,328,35037.00000000,15353.20337000,0
2025-05-02 23:35:00,0.43570000,0.43860000,0.43510000,0.43710000,25827.10000000,2025-05-02 23:39:59.999,11293.29357000,153,18492.00000000,8089.21560000,0
2025-05-02 23:40:00,0.43770000,0.43810000,0.43570000,0.43570000,19463.30000000,2025-05-02 23:44:59.999,8508.56495000,137,6591.00000000,2882.02380000,0
2025-05-02 23:45:00,0.43600000,0.44030000,0.43580000,0.43950000,23970.80000000,2025-05-02 23:49:59.999,10519.32536000,213,17491.20000000,7674.93470000,0
2025-05-02 23:50:00,0.43930000,0.44800000,0.43890000,0.44800000,87042.10000000,2025-05-02 23:54:59.999,38655.09937000,602,64785.10000000,28772.24883000,0
2025-05-02 23:55:00,0.44750000,0.45220000,0.44390000,0.44490000,166755.30000000,2025-05-02 23:59:59.999,74829.87956000,786,96565.80000000,43364.37046000,0
2025-05-03 00:00:00,0.44400000,0.45160000,0.44400000,0.44960000,249574.40000000,2025-05-03 00:04:59.999,111753.37686000,1115,149562.00000000,67001.99304000,0
2025-05-03 00:05:00,0.44960000,0.45370000,0.44770000,0.45360000,69108.00000000,2025-05-03 00:09:59.999,31218.50666000,459,47270.20000000,21385.61474000,0
2025-05-03 00:10:00,0.45320000,0.45320000,0.43200000,0.43500000,291015.70000000,2025-05-03 00:14:59.999,128340.80673000,1459,55250.60000000,24250.73780000,0
2025-05-03 00:15:00,0.43520000,0.43640000,0.43260000,0.43530000,27855.60000000,2025-05-03 00:19:59.999,12095.84895000,267,8709.20000000,3788.86435000,0
2025-05-03 00:20:00,0.43530000,0.43870000,0.43530000,0.43640000,44449.40000000,2025-05-03 00:24:59.999,19437.81688000,311,31549.80000000,13784.68668000,0
2025-05-03 00:25:00,0.43640000,0.43810000,0.43580000,0.43780000,10511.90000000,2025-05-03 00:29:59.999,4592.95385000,115,7710.00000000,3367.97692000,0
2025-05-03 00:30:00,0.43770000,0.44110000,0.43760000,0.43980000,44132.60000000,2025-05-03 00:34:59.999,19400.58120000,323,37215.10000000,16355.29444000,0
2025-05-03 00:35:00,0.44000000,0.44150000,0.43900000,0.44150000,13152.60000000,2025-05-03 00:39:59.999,5786.19810000,166,10176.70000000,4477.65818000,0
2025-05-03 00:40:00,0.44130000,0.44130000,0.43660000,0.43770000,57602.80000000,2025-05-03 00:44:59.999,25267.91961000,353,7407.70000000,3249.66314000,0
2025-05-03 00:45:00,0.43790000,0.43970000,0.43670000,0.43710000,26359.10000000,2025-05-03 00:49:59.999,11550.19674000,179,9643.50000000,4228.20605000,0
2025-05-03 00:50:00,0.43720000,0.43780000,0.43050000,0.43150000,83475.30000000,2025-05-03 00:54:59.999,36213.95258000,632,30823.30000000,13383.23134000,0
2025-05-03 00:55:00,0.43160000,0.43700000,0.43140000,0.43680000,44002.00000000,2025-05-03 00:59:59.999,19136.07597000,327,36594.20000000,15915.37402000,0
2025-05-03 01:00:00,0.43680000,0.43830000,0.43420000,0.43650000,42413.00000000,2025-05-03 01:04:59.999,18501.86129000,422,29827.30000000,13015.38080000,0
2025-05-03 01:05:00,0.43660000,0.43810000,0.43640000,0.43660000,10616.40000000,2025-05-03 01:09:59.999,4643.41484000,144,6175.20000000,2701.07897000,0
2025-05-03 01:10:00,0.43640000,0.43710000,0.43270000,0.43460000,38973.80000000,2025-05-03 01:14:59.999,16917.05110000,254,10116.00000000,4402.31440000,0
2025-05-03 01:15:00,0.43450000,0.43450000,0.43240000,0.43330000,6914.80000000,2025-05-03 01:19:59.999,2995.25110000,107,1974.90000000,855.35240000,0
2025-05-03 01:20:00,0.43330000,0.43450000,0.43310000,0.43410000,7295.90000000,2025-05-03 01:24:59.999,3166.81385000,63,5075.10000000,2203.40784000,0
2025-05-03 01:25:00,0.43370000,0.43500000,0.43350000,0.43420000,7752.40000000,2025-05-03 01:29:59.999,3367.81237000,96,5009.80000000,2176.62363000,0
2025-05-03 01:30:00,0.43420000,0.43420000,0.43260000,0.43280000,18002.20000000,2025-05-03 01:34:59.999,7798.46083000,143,2354.60000000,1020.78384000,0
2025-05-03 01:35:00,0.43280000,0.43520000,0.43270000,0.43520000,8870.00000000,2025-05-03 01:39:59.999,3844.81697000,88,7280.70000000,3155.89782000,0
2025-05-03 01:40:00,0.43530000,0.43850000,0.43530000,0.43690000,12741.10000000,2025-05-03 01:44:59.999,5566.13870000,181,10396.60000000,4542.73366000,0
2025-05-03 01:45:00,0.43700000,0.44020000,0.43680000,0.43720000,39317.30000000,2025-05-03 01:49:59.999,17248.61784000,250,30551.10000000,13408.24686000,0
2025-05-03 01:50:00,0.43700000,0.43750000,0.42720000,0.42910000,181454.20000000,2025-05-03 01:54:59.999,78296.18993000,892,24111.40000000,10388.30367000,0
2025-05-03 01:55:00,0.42980000,0.43000000,0.42770000,0.42900000,38116.20000000,2025-05-03 01:59:59.999,16337.27287000,175,5788.70000000,2485.11322000,0
2025-05-03 02:00:00,0.42930000,0.43210000,0.42930000,0.42940000,25598.10000000,2025-05-03 02:04:59.999,11030.26362000,288,15285.90000000,6587.86211000,0
2025-05-03 02:05:00,0.42970000,0.42980000,0.42760000,0.42940000,23344.20000000,2025-05-03 02:09:59.999,10007.00826000,169,10118.80000000,4339.15083000,0
2025-05-03 02:10:00,0.42970000,0.43040000,0.42890000,0.43020000,18576.80000000,2025-05-03 02:14:59.999,7980.75342000,164,7662.30000000,3292.31448000,0
2025-05-03 02:15:00,0.43020000,0.43480000,0.43010000,0.43460000,71097.40000000,2025-05-03 02:19:59.999,30797.24886000,391,60418.80000000,26179.60225000,0
2025-05-03 02:20:00,0.43480000,0.43880000,0.43430000,0.43760000,52481.00000000,2025-05-03 02:24:59.999,22909.20052000,597,41002.10000000,17898.45565000,0
2025-05-03 02:25:00,0.43750000,0.43870000,0.43650000,0.43800000,18605.00000000,2025-05-03 02:29:59.999,8140.60227000,147,5872.70000000,2571.86590000,0
2025-05-03 02:30:00,0.43810000,0.44200000,0.43800000,0.43990000,39654.10000000,2025-05-03 02:34:59.999,17450.80234000,379,20129.50000000,8866.66243000,0
2025-05-03 02:35:00,0.43930000,0.44160000,0.43930000,0.44040000,15378.50000000,2025-05-03 02:39:59.999,6780.72646000,215,8353.30000000,3682.69590000,0
2025-05-03 02:40:00,0.44080000,0.44670000,0.44080000,0.44550000,63072.00000000,2025-05-03 02:44:59.999,28036.40675000,488,39558.20000000,17581.95129000,0
2025-05-03 02:45:00,0.44540000,0.44720000,0.44220000,0.44260000,36060.90000000,2025-05-03 02:49:59.999,16014.67569000,386,16688.30000000,7414.01781000,0
2025-05-03 02:50:00,0.44230000,0.44240000,0.44070000,0.44240000,12330.10000000,2025-05-03 02:54:59.999,5444.08986000,119,5079.40000000,2242.98478000,0
2025-05-03 02:55:00,0.44240000,0.44410000,0.44030000,0.44260000,29930.10000000,2025-05-03 02:59:59.999,13247.92409000,364,23359.40000000,10343.53392000,0
2025-05-03 03:00:00,0.44250000,0.44920000,0.44190000,0.44690000,78260.60000000,2025-05-03 03:04:59.999,34985.48714000,657,56775.90000000,25367.81786000,0
2025-05-03 03:05:00,0.44670000,0.44760000,0.44470000,0.44510000,19418.30000000,2025-05-03 03:09:59.999,8668.33321000,242,6248.90000000,2790.79175000,0
2025-05-03 03:10:00,0.44470000,0.44560000,0.44100000,0.44200000,25162.50000000,2025-05-03 03:14:59.999,11159.14139000,229,11567.00000000,5127.18602000,0
2025-05-03 03:15:00,0.44200000,0.44300000,0.43980000,0.44040000,12798.80000000,2025-05-03 03:19:59.999,5650.69890000,174,5686.10000000,2512.04327000,0
2025-05-03 03:20:00,0.44050000,0.44240000,0.43970000,0.44110000,20265.50000000,2025-05-03 03:24:59.999,8936.59499000,201,5812.10000000,2564.79336000,0
2025-05-03 03:25:00,0.44130000,0.44670000,0.44130000,0.44660000,57899.10000000,2025-05-03 03:29:59.999,25713.07045000,372,51663.20000000,22939.75657000,0
2025-05-03 03:30:00,0.44670000,0.44770000,0.44290000,0.44440000,94044.20000000,2025-05-03 03:34:59.999,41864.83945000,653,38435.00000000,17118.14038000,0
2025-05-03 03:35:00,0.44460000,0.44460000,0.44120000,0.44350000,37874.80000000,2025-05-03 03:39:59.999,16770.61681000,175,5286.30000000,2340.62765000,0
2025-05-03 03:40:00,0.44330000,0.44570000,0.44060000,0.44250000,106838.20000000,2025-05-03 03:44:59.999,47371.81443000,682,63131.40000000,28003.66712000,0
2025-05-03 03:45:00,0.44280000,0.45170000,0.44260000,0.44760000,162043.00000000,2025-05-03 03:49:59.999,72416.59726000,1040,107923.70000000,48219.64753000,0
2025-05-03 03:50:00,0.44750000,0.44760000,0.44360000,0.44480000,46236.60000000,2025-05-03 03:54:59.999,20604.23208000,310,6449.20000000,2874.93643000,0
2025-05-03 03:55:00,0.44480000,0.44620000,0.44480000,0.44620000,7903.50000000,2025-05-03 03:59:59.999,3520.55720000,71,5169.50000000,2302.34934000,0
2025-05-03 04:00:00,0.44630000,0.44630000,0.44170000,0.44260000,45751.50000000,2025-05-03 04:04:59.999,20298.10577000,372,11628.60000000,5163.13117000,0
2025-05-03 04:05:00,0.44280000,0.44520000,0.44260000,0.44490000,9845.30000000,2025-05-03 04:09:59.999,4374.12859000,166,5527.10000000,2455.95967000,0
2025-05-03 04:10:00,0.44520000,0.45940000,0.44480000,0.45700000,209896.00000000,2025-05-03 04:14:59.999,95386.36209000,1478,130059.70000000,59028.76729000,0
2025-05-03 04:15:00,0.45680000,0.47370000,0.45650000,0.47350000,254231.00000000,2025-05-03 04:19:59.999,118045.96198000,1549,197787.40000000,91851.02806000,0
2025-05-03 04:20:00,0.47310000,0.47310000,0.46130000,0.46300000,195820.20000000,2025-05-03 04:24:59.999,91497.60628000,1415,81415.10000000,38060.80030000,0
2025-05-03 04:25:00,0.46310000,0.47240000,0.46080000,0.47180000,166739.90000000,2025-05-03 04:29:59.999,77861.04301000,1324,106556.00000000,49734.18574000,0
2025-05-03 04:30:00,0.47140000,0.48000000,0.46330000,0.46590000,289483.00000000,2025-05-03 04:34:59.999,136736.27226000,2168,145365.20000000,68870.47827000,0
2025-05-03 04:35:00,0.46560000,0.46900000,0.46330000,0.46710000,68114.90000000,2025-05-03 04:39:59.999,31761.69579000,622,42270.90000000,19722.16280000,0
2025-05-03 04:40:00,0.46740000,0.46800000,0.46300000,0.46570000,112833.80000000,2025-05-03 04:44:59.999,52471.96253000,672,49367.40000000,22971.91005000,0
2025-05-03 04:45:00,0.46590000,0.46630000,0.44670000,0.44800000,342286.40000000,2025-05-03 04:49:59.999,156426.47957000,2243,92392.20000000,42245.67699000,0
2025-05-03 04:50:00,0.44810000,0.45340000,0.44810000,0.45210000,59221.30000000,2025-05-03 04:54:59.999,26692.57305000,634,24580.20000000,11083.40156000,0
2025-05-03 04:55:00,0.45260000,0.45430000,0.45110000,0.45350000,29753.50000000,2025-05-03 04:59:59.999,13476.97910000,312,21018.80000000,9521.72151000,0
2025-05-03 05:00:00,0.45340000,0.45610000,0.45170000,0.45570000,53551.30000000,2025-05-03 05:04:59.999,24341.59531000,434,37550.80000000,17087.72116000,0
2025-05-03 05:05:00,0.45570000,0.46000000,0.45360000,0.45450000,96067.80000000,2025-05-03 05:09:59.999,43810.29187000,625,36050.50000000,16475.66915000,0
2025-05-03 05:10:00,0.45480000,0.45730000,0.45190000,0.45260000,21411.60000000,2025-05-03 05:14:59.999,9724.63045000,236,9463.70000000,4297.42629000,0
2025-05-03 05:15:00,0.45310000,0.45530000,0.45160000,0.45370000,32248.50000000,2025-05-03 05:19:59.999,14605.68349000,276,14297.70000000,6476.74807000,0
2025-05-03 05:20:00,0.45410000,0.46050000,0.45410000,0.45930000,24671.50000000,2025-05-03 05:24:59.999,11281.16013000,278,21640.20000000,9890.79010000,0
2025-05-03 05:25:00,0.45900000,0.46110000,0.45740000,0.46040000,65836.70000000,2025-05-03 05:29:59.999,30238.54501000,535,42355.70000000,19453.77879000,0
2025-05-03 05:30:00,0.46010000,0.46800000,0.45930000,0.46360000,126770.30000000,2025-05-03 05:34:59.999,58924.59044000,1013,83730.00000000,38930.24120000,0
2025-05-03 05:35:00,0.46380000,0.46380000,0.45520000,0.45620000,104465.00000000,2025-05-03 05:39:59.999,47971.07283000,518,32191.00000000,14735.65110000,0
2025-05-03 05:40:00,0.45630000,0.45800000,0.45570000,0.45740000,19939.30000000,2025-05-03 05:44:59.999,9110.45630000,284,13181.80000000,6024.51286000,0
2025-05-03 05:45:00,0.45750000,0.45800000,0.45350000,0.45710000,39519.70000000,2025-05-03 05:49:59.999,17980.53393000,287,11393.60000000,5188.10566000,0
2025-05-03 05:50:00,0.45740000,0.45740000,0.45500000,0.45600000,19188.50000000,2025-05-03 05:54:59.999,8747.57088000,132,5535.60000000,2525.34931000,0
2025-05-03 05:55:00,0.45600000,0.45830000,0.45230000,0.45280000,45849.70000000,2025-05-03 05:59:59.999,20865.81167000,414,12183.80000000,5549.08999000,0
2025-05-03 06:00:00,0.45320000,0.45340000,0.44680000,0.44790000,109406.60000000,2025-05-03 06:04:59.999,49217.86612000,570,28192.70000000,12701.61303000,0
2025-05-03 06:05:00,0.44790000,0.45010000,0.44110000,0.44460000,212109.80000000,2025-05-03 06:09:59.999,94408.30206000,1227,41324.30000000,18396.10988000,0
2025-05-03 06:10:00,0.44470000,0.44670000,0.44330000,0.44580000,36051.00000000,2025-05-03 06:14:59.999,16060.70835000,272,22754.60000000,10140.75617000,0
2025-05-03 06:15:00,0.44590000,0.44600000,0.44220000,0.44490000,30385.20000000,2025-05-03 06:19:59.999,13497.15799000,306,5500.10000000,2443.16792000,0
2025-05-03 06:20:00,0.44480000,0.44940000,0.44400000,0.44810000,72517.60000000,2025-05-03 06:24:59.999,32468.51458000,509,51371.90000000,23007.88799000,0
2025-05-03 06:25:00,0.44800000,0.45000000,0.44680000,0.45000000,21102.00000000,2025-05-03 06:29:59.999,9463.88187000,221,8436.70000000,3786.68813000,0
2025-05-03 06:30:00,0.44920000,0.45100000,0.44720000,0.44780000,38480.20000000,2025-05-03 06:34:59.999,17308.41888000,234,25877.30000000,11652.02055000,0
2025-05-03 06:35:00,0.44770000,0.44890000,0.44490000,0.44580000,33683.60000000,2025-05-03 06:39:59.999,15044.49506000,232,4826.70000000,2154.36140000,0
2025-05-03 06:40:00,0.44570000,0.44690000,0.44270000,0.44520000,69038.40000000,2025-05-03 06:44:59.999,30703.89048000,479,27506.20000000,12239.96892000,0
2025-05-03 06:45:00,0.44460000,0.44490000,0.44060000,0.44260000,38018.40000000,2025-05-03 06:49:59.999,16808.37574000,316,12643.90000000,5595.44116000,0
2025-05-03 06:50:00,0.44290000,0.44600000,0.44110000,0.44270000,103677.00000000,2025-05-03 06:54:59.999,45953.70128000,516,48755.20000000,21643.59578000,0
2025-05-03 06:55:00,0.44270000,0.44380000,0.44230000,0.44310000,11738.80000000,2025-05-03 06:59:59.999,5199.31453000,174,7257.60000000,3213.87784000,0
2025-05-03 07:00:00,0.44330000,0.44630000,0.44300000,0.44610000,49002.10000000,2025-05-03 07:04:59.999,21803.96815000,339,29824.10000000,13278.60412000,0
2025-05-03 07:05:00,0.44600000,0.44890000,0.44590000,0.44780000,47136.50000000,2025-05-03 07:09:59.999,21097.85408000,266,24234.60000000,10850.21625000,0
2025-05-03 07:10:00,0.44780000,0.45090000,0.44780000,0.44880000,54141.00000000,2025-05-03 07:14:59.999,24336.69492000,380,31619.60000000,14216.07974000,0
2025-05-03 07:15:00,0.44870000,0.44900000,0.44610000,0.44820000,15310.90000000,2025-05-03 07:19:59.999,6859.37983000,129,4237.30000000,1898.06703000,0
2025-05-03 07:20:00,0.44820000,0.44840000,0.44610000,0.44640000,21244.20000000,2025-05-03 07:24:59.999,9508.64995000,174,5581.30000000,2498.60022000,0
2025-05-03 07:25:00,0.44630000,0.44660000,0.44520000,0.44580000,4197.70000000,2025-05-03 07:29:59.999,1871.43266000,83,2249.00000000,1001.71463000,0
2025-05-03 07:30:00,0.44590000,0.44590000,0.41400000,0.42670000,543348.40000000,2025-05-03 07:34:59.999,231540.64570000,3166,201217.00000000,85338.14255000,0
2025-05-03 07:35:00,0.42670000,0.42930000,0.42390000,0.42500000,171416.10000000,2025-05-03 07:39:59.999,73098.66065000,650,107940.40000000,46043.81309000,0
2025-05-03 07:40:00,0.42540000,0.42820000,0.42430000,0.42690000,67542.40000000,2025-05-03 07:44:59.999,28827.48091000,312,42494.90000000,18139.32411000,0
2025-05-03 07:45:00,0.42730000,0.42730000,0.42100000,0.42490000,87634.60000000,2025-05-03 07:49:59.999,37186.96693000,484,46196.20000000,19640.49247000,0
2025-05-03 07:50:00,0.42490000,0.42610000,0.42260000,0.42460000,41970.20000000,2025-05-03 07:54:59.999,17822.44892000,332,27956.60000000,11874.10153000,0
2025-05-03 07:55:00,0.42470000,0.42700000,0.42470000,0.42700000,30327.90000000,2025-05-03 07:59:59.999,12914.36396000,342,19139.50000000,8151.17833000,0
2025-05-03 08:00:00,0.42690000,0.42810000,0.42550000,0.42750000,38572.00000000,2025-05-03 08:04:59.999,16477.13259000,258,25340.20000000,10831.78944000,0
2025-05-03 08:05:00,0.42710000,0.42750000,0.42520000,0.42550000,28469.60000000,2025-05-03 08:09:59.999,12139.52834000,198,13783.50000000,5879.22004000,0
2025-05-03 08:10:00,0.42540000,0.42610000,0.42380000,0.42510000,16042.30000000,2025-05-03 08:14:59.999,6815.19301000,190,8331.70000000,3540.90437000,0
2025-05-03 08:15:00,0.42530000,0.42800000,0.42530000,0.42720000,28010.80000000,2025-05-03 08:19:59.999,11965.29414000,237,13625.70000000,5819.85152000,0
2025-05-03 08:20:00,0.42710000,0.43030000,0.42670000,0.42770000,69426.00000000,2025-05-03 08:24:59.999,29760.18337000,292,53615.80000000,22985.92120000,0
2025-05-03 08:25:00,0.42770000,0.42900000,0.42730000,0.42830000,11640.10000000,2025-05-03 08:29:59.999,4986.73436000,197,8600.50000000,3685.50821000,0
2025-05-03 08:30:00,0.42830000,0.42870000,0.42720000,0.42730000,6633.10000000,2025-05-03 08:34:59.999,2839.24033000,64,3324.10000000,1423.06158000,0
2025-05-03 08:35:00,0.42730000,0.42730000,0.42330000,0.42530000,65226.50000000,2025-05-03 08:39:59.999,27723.59332000,321,8725.80000000,3707.22011000,0
2025-05-03 08:40:00,0.42550000,0.42630000,0.42450000,0.42580000,12761.20000000,2025-05-03 08:44:59.999,5429.71421000,117,7586.60000000,3227.95087000,0
2025-05-03 08:45:00,0.42590000,0.42640000,0.42480000,0.42620000,2575.10000000,2025-05-03 08:49:59.999,1095.35688000,79,1585.00000000,674.41826000,0
2025-05-03 08:50:00,0.42610000,0.42670000,0.42520000,0.42530000,9211.40000000,2025-05-03 08:54:59.999,3923.74112000,129,6065.50000000,2584.30316000,0
2025-05-03 08:55:00,0.42540000,0.42700000,0.42530000,0.42630000,25542.00000000,2025-05-03 08:59:59.999,10888.24395000,100,14784.20000000,6302.70114000,0
2025-05-03 09:00:00,0.42620000,0.42620000,0.42410000,0.42600000,25000.70000000,2025-05-03 09:04:59.999,10629.66070000,140,6317.10000000,2689.01561000,0
2025-05-03 09:05:00,0.42620000,0.42910000,0.42450000,0.42480000,63300.20000000,2025-05-03 09:09:59.999,27033.93315000,493,34564.50000000,14785.25571000,0
2025-05-03 09:10:00,0.42480000,0.42900000,0.42480000,0.42890000,17136.30000000,2025-05-03 09:14:59.999,7319.01237000,168,13121.90000000,5607.08561000,0
2025-05-03 09:15:00,0.42890000,0.42890000,0.42650000,0.42700000,34199.20000000,2025-05-03 09:19:59.999,14612.07298000,151,3090.90000000,1320.16025000,0
2025-05-03 09:20:00,0.42690000,0.42730000,0.42430000,0.42480000,41954.00000000,2025-05-03 09:24:59.999,17854.79104000,243,9872.00000000,4201.56938000,0
2025-05-03 09:25:00,0.42480000,0.42650000,0.42480000,0.42570000,12861.00000000,2025-05-03 09:29:59.999,5475.12664000,118,6314.50000000,2688.35018000,0
2025-05-03 09:30:00,0.42580000,0.42760000,0.42580000,0.42640000,16619.00000000,2025-05-03 09:34:59.999,7091.17836000,95,8719.10000000,3722.43670000,0
2025-05-03 09:35:00,0.42620000,0.42780000,0.42510000,0.42530000,21874.50000000,2025-05-03 09:39:59.999,9331.88730000,192,16652.30000000,7105.86574000,0
2025-05-03 09:40:00,0.42520000,0.42550000,0.42050000,0.42150000,62082.60000000,2025-05-03 09:44:59.999,26203.97182000,366,14227.70000000,6024.07251000,0
2025-05-03 09:45:00,0.42190000,0.42300000,0.42150000,0.42260000,15276.80000000,2025-05-03 09:49:59.999,6451.70759000,131,8487.10000000,3585.75772000,0
2025-05-03 09:50:00,0.42230000,0.42350000,0.42020000,0.42220000,23274.50000000,2025-05-03 09:54:59.999,9818.54386000,165,5015.10000000,2118.01832000,0
2025-05-03 09:55:00,0.42220000,0.42400000,0.42200000,0.42400000,9781.60000000,2025-05-03 09:59:59.999,4133.92819000,93,1632.50000000,690.17626000,0
2025-05-03 10:00:00,0.42390000,0.42420000,0.42150000,0.42160000,9534.00000000,2025-05-03 10:04:59.999,4027.73062000,119,2491.80000000,1052.66401000,0
2025-05-03 10:05:00,0.42140000,0.42140000,0.41620000,0.41870000,91525.50000000,2025-05-03 10:09:59.999,38325.05940000,682,27278.90000000,11413.59734000,0
2025-05-03 10:10:00,0.41860000,0.42000000,0.41550000,0.41800000,82321.50000000,2025-05-03 10:14:59.999,34340.19721000,518,49375.10000000,20605.26321000,0
2025-05-03 10:15:00,0.41760000,0.41840000,0.41480000,0.41680000,81310.90000000,2025-05-03 10:19:59.999,33823.06155000,460,34321.80000000,14289.93411000,0
2025-05-03 10:20:00,0.41660000,0.41740000,0.41630000,0.41710000,21151.30000000,2025-05-03 10:24:59.999,8818.23946000,165,8519.80000000,3552.17988000,0
2025-05-03 10:25:00,0.41690000,0.41730000,0.41550000,0.41730000,20967.90000000,2025-05-03 10:29:59.999,8727.90687000,228,10330.40000000,4301.26185000,0
2025-05-03 10:30:00,0.41710000,0.41960000,0.41710000,0.41960000,16042.00000000,2025-05-03 10:34:59.999,6713.44159000,120,9483.80000000,3971.98926000,0
2025-05-03 10:35:00,0.41900000,0.41900000,0.41760000,0.41850000,4016.90000000,2025-05-03 10:39:59.999,1679.52450000,57,1096.70000000,458.69478000,0
2025-05-03 10:40:00,0.41840000,0.41900000,0.41690000,0.41740000,25163.00000000,2025-05-03 10:44:59.999,10518.70898000,181,8367.80000000,3500.13078000,0
2025-05-03 10:45:00,0.41730000,0.41810000,0.41640000,0.41770000,10632.60000000,2025-05-03 10:49:59.999,4433.86452000,102,1952.50000000,814.72291000,0
2025-05-03 10:50:00,0.41790000,0.41830000,0.41720000,0.41780000,5341.00000000,2025-05-03 10:54:59.999,2230.89259000,45,3106.60000000,1297.39018000,0
2025-05-03 10:55:00,0.41770000,0.41820000,0.41630000,0.41630000,10850.60000000,2025-05-03 10:59:59.999,4528.34857000,115,5903.40000000,2463.88287000,0
2025-05-03 11:00:00,0.41640000,0.41750000,0.41590000,0.41750000,8896.70000000,2025-05-03 11:04:59.999,3704.51951000,89,5655.60000000,2355.55499000,0
2025-05-03 11:05:00,0.41730000,0.41770000,0.41610000,0.41700000,9444.10000000,2025-05-03 11:09:59.999,3935.80374000,116,5869.20000000,2446.08815000,0
2025-05-03 11:10:00,0.41680000,0.41870000,0.41680000,0.41870000,9730.10000000,2025-05-03 11:14:59.999,4067.74882000,133,5289.30000000,2212.40027000,0
2025-05-03 11:15:00,0.41840000,0.41860000,0.41660000,0.41770000,14130.70000000,2025-05-03 11:19:59.999,5902.04721000,116,3407.20000000,1423.14952000,0
2025-05-03 11:20:00,0.41780000,0.41920000,0.41780000,0.41860000,10925.50000000,2025-05-03 11:24:59.999,4573.11026000,94,8775.80000000,3673.12052000,0
2025-05-03 11:25:00,0.41830000,0.41990000,0.41830000,0.41830000,21739.50000000,2025-05-03 11:29:59.999,9115.39847000,165,17126.60000000,7181.59769000,0
2025-05-03 11:30:00,0.41840000,0.41870000,0.41820000,0.41870000,4560.60000000,2025-05-03 11:34:59.999,1907.77663000,45,1006.70000000,421.23292000,0
2025-05-03 11:35:00,0.41880000,0.42010000,0.41840000,0.41930000,18738.80000000,2025-05-03 11:39:59.999,7859.28355000,135,13129.20000000,5507.33622000,0
2025-05-03 11:40:00,0.41910000,0.41910000,0.41650000,0.41660000,14444.20000000,2025-05-03 11:44:59.999,6026.30294000,125,4507.90000000,1879.68833000,0
2025-05-03 11:45:00,0.41640000,0.41720000,0.41600000,0.41650000,21704.80000000,2025-05-03 11:49:59.999,9039.72067000,155,6543.50000000,2726.65875000,0
2025-05-03 11:50:00,0.41650000,0.41710000,0.41640000,0.41650000,11953.40000000,2025-05-03 11:54:59.999,4982.09391000,94,8280.40000000,3451.50521000,0
2025-05-03 11:55:00,0.41650000,0.41660000,0.41270000,0.41510000,67252.00000000,2025-05-03 11:59:59.999,27886.58937000,401,18915.90000000,7857.78949000,0
2025-05-03 12:00:00,0.41530000,0.41850000,0.41530000,0.41590000,51627.60000000,2025-05-03 12:04:59.999,21540.86723000,329,37591.50000000,15690.15174000,0
2025-05-03 12:05:00,0.41590000,0.41620000,0.39090000,0.40030000,511295.40000000,2025-05-03 12:09:59.999,205523.78775000,2838,203386.60000000,81357.62438000,0
2025-05-03 12:10:00,0.40020000,0.40340000,0.39910000,0.40230000,101491.40000000,2025-05-03 12:14:59.999,40689.83911000,581,38205.10000000,15341.85058000,0
2025-05-03 12:15:00,0.40290000,0.40490000,0.40190000,0.40460000,41708.10000000,2025-05-03 12:19:59.999,16834.04506000,308,24018.00000000,9696.63367000,0
2025-05-03 12:20:00,0.40450000,0.40630000,0.40330000,0.40580000,38347.90000000,2025-05-03 12:24:59.999,15531.17377000,296,14115.50000000,5721.32195000,0
2025-05-03 12:25:00,0.40550000,0.40620000,0.40430000,0.40430000,24090.60000000,2025-05-03 12:29:59.999,9767.99261000,204,8669.60000000,3517.73105000,0
2025-05-03 12:30:00,0.40450000,0.40630000,0.40150000,0.40530000,101780.70000000,2025-05-03 12:34:59.999,41170.31379000,444,61763.50000000,25015.99300000,0
2025-05-03 12:35:00,0.40530000,0.40710000,0.40530000,0.40610000,16642.00000000,2025-05-03 12:39:59.999,6761.28044000,141,8546.10000000,3472.09301000,0
2025-05-03 12:40:00,0.40600000,0.40630000,0.40050000,0.40280000,72277.30000000,2025-05-03 12:44:59.999,29131.79891000,446,39380.90000000,15852.80641000,0
2025-05-03 12:45:00,0.40280000,0.40330000,0.40010000,0.40260000,42526.30000000,2025-05-03 12:49:59.999,17107.18204000,267,11739.50000000,4721.57248000,0
2025-05-03 12:50:00,0.40270000,0.40380000,0.40220000,0.40310000,25628.90000000,2025-05-03 12:54:59.999,10327.54647000,157,19300.20000000,7777.53310000,0
2025-05-03 12:55:00,0.40300000,0.40310000,0.40120000,0.40150000,16140.50000000,2025-05-03 12:59:59.999,6490.18312000,117,5144.20000000,2069.78530000,0
2025-05-03 13:00:00,0.40140000,0.41000000,0.40060000,0.40830000,350412.50000000,2025-05-03 13:04:59.999,142238.01422000,1185,247172.30000000,100343.91873000,0
2025-05-03 13:05:00,0.40820000,0.40950000,0.40560000,0.40600000,24225.10000000,2025-05-03 13:09:59.999,9858.11367000,304,13066.50000000,5318.65667000,0
2025-05-03 13:10:00,0.40590000,0.40740000,0.40500000,0.40630000,19437.60000000,2025-05-03 13:14:59.999,7896.15072000,203,12065.60000000,4905.78399000,0
2025-05-03 13:15:00,0.40640000,0.40730000,0.40530000,0.40670000,20730.80000000,2025-05-03 13:19:59.999,8420.42812000,197,7664.00000000,3115.86174000,0
2025-05-03 13:20:00,0.40680000,0.40700000,0.40580000,0.40630000,14192.20000000,2025-05-03 13:24:59.999,5769.39658000,147,10987.50000000,4467.19400000,0
2025-05-03 13:25:00,0.40620000,0.41430000,0.40540000,0.41120000,258375.20000000,2025-05-03 13:29:59.999,106197.32642000,970,133352.90000000,54765.07390000,0
2025-05-03 13:30:00,0.41130000,0.41220000,0.40790000,0.40790000,32562.00000000,2025-05-03 13:34:59.999,13360.50792000,286,8243.10000000,3386.57819000,0
2025-05-03 13:35:00,0.40800000,0.41150000,0.40780000,0.41050000,13901.10000000,2025-05-03 13:39:59.999,5689.87782000,159,7717.70000000,3157.98601000,0
2025-05-03 13:40:00,0.41000000,0.41030000,0.40620000,0.40900000,84894.30000000,2025-05-03 13:44:59.999,34681.96794000,399,19271.60000000,7880.58007000,0
2025-05-03 13:45:00,0.40920000,0.41020000,0.40850000,0.40970000,6927.40000000,2025-05-03 13:49:59.999,2836.59659000,105,4009.40000000,1642.11323000,0
2025-05-03 13:50:00,0.40960000,0.40960000,0.40670000,0.40710000,42466.60000000,2025-05-03 13:54:59.999,17316.23679000,288,23413.10000000,9545.04556000,0
2025-05-03 13:55:00,0.40700000,0.40820000,0.40690000,0.40780000,12105.70000000,2025-05-03 13:59:59.999,4932.85744000,125,9218.00000000,3756.96984000,0
2025-05-03 14:00:00,0.40780000,0.41240000,0.40740000,0.41150000,73667.20000000,2025-05-03 14:04:59.999,30259.13750000,436,54517.80000000,22412.21238000,0
2025-05-03 14:05:00,0.41120000,0.41130000,0.40940000,0.40950000,13051.00000000,2025-05-03 14:09:59.999,5360.93011000,154,4766.80000000,1958.35394000,0
2025-05-03 14:10:00,0.40990000,0.41020000,0.40890000,0.40890000,4544.60000000,2025-05-03 14:14:59.999,1860.53818000,58,3210.70000000,1314.20030000,0
2025-05-03 14:15:00,0.40930000,0.41000000,0.40860000,0.40910000,12802.30000000,2025-05-03 14:19:59.999,5240.36789000,118,3084.50000000,1263.44494000,0
2025-05-03 14:20:00,0.40920000,0.41010000,0.40910000,0.40980000,14885.20000000,2025-05-03 14:24:59.999,6096.86728000,180,10796.70000000,4422.24645000,0
2025-05-03 14:25:00,0.40970000,0.41140000,0.40870000,0.40900000,41763.40000000,2025-05-03 14:29:59.999,17121.69432000,331,24342.30000000,9981.15357000,0
2025-05-03 14:30:00,0.40900000,0.40940000,0.40780000,0.40940000,15974.00000000,2025-05-03 14:34:59.999,6523.44854000,122,4859.60000000,1985.18541000,0
2025-05-03 14:35:00,0.40950000,0.40970000,0.40840000,0.40940000,6045.60000000,2025-05-03 14:39:59.999,2472.85371000,106,1820.20000000,744.53496000,0
2025-05-03 14:40:00,0.40950000,0.41330000,0.40810000,0.41070000,92736.40000000,2025-05-03 14:44:59.999,38118.35451000,463,63136.40000000,25968.44279000,0
2025-05-03 14:45:00,0.41040000,0.41360000,0.40990000,0.41230000,35811.90000000,2025-05-03 14:49:59.999,14752.00466000,365,27046.70000000,11139.74983000,0
2025-05-03 14:50:00,0.41180000,0.41180000,0.41020000,0.41160000,17917.50000000,2025-05-03 14:54:59.999,7363.23614000,178,9134.60000000,3754.80413000,0
2025-05-03 14:55:00,0.41150000,0.41150000,0.41060000,0.41090000,7844.90000000,2025-05-03 14:59:59.999,3224.33953000,79,1415.10000000,581.63458000,0
2025-05-03 15:00:00,0.41100000,0.41490000,0.41100000,0.41470000,30601.90000000,2025-05-03 15:04:59.999,12650.22824000,256,20341.60000000,8413.30665000,0
2025-05-03 15:05:00,0.41420000,0.41770000,0.41370000,0.41490000,158242.60000000,2025-05-03 15:09:59.999,65853.78595000,638,38406.30000000,15984.03519000,0
2025-05-03 15:10:00,0.41490000,0.41520000,0.40950000,0.41090000,116258.40000000,2025-05-03 15:14:59.999,47906.58624000,589,17532.50000000,7224.92332000,0
2025-05-03 15:15:00,0.41130000,0.41220000,0.40940000,0.41080000,14474.20000000,2025-05-03 15:19:59.999,5940.83870000,121,5276.70000000,2168.25212000,0
2025-05-03 15:20:00,0.41060000,0.41120000,0.40680000,0.40880000,77322.70000000,2025-05-03 15:24:59.999,31553.82511000,282,22867.20000000,9346.93947000,0
2025-05-03 15:25:00,0.40870000,0.40930000,0.40840000,0.40900000,3234.20000000,2025-05-03 15:29:59.999,1322.49709000,44,2464.00000000,1007.63011000,0
2025-05-03 15:30:00,0.40890000,0.41010000,0.40890000,0.40930000,8200.40000000,2025-05-03 15:34:59.999,3358.13380000,68,4860.10000000,1990.92947000,0
2025-05-03 15:35:00,0.40930000,0.41030000,0.40870000,0.40870000,17960.00000000,2025-05-03 15:39:59.999,7357.33560000,128,9528.30000000,3902.77018000,0
2025-05-03 15:40:00,0.40860000,0.40940000,0.40860000,0.40870000,5049.10000000,2025-05-03 15:44:59.999,2065.28396000,64,2678.40000000,1095.57577000,0
2025-05-03 15:45:00,0.40870000,0.40870000,0.40380000,0.40680000,109122.00000000,2025-05-03 15:49:59.999,44294.07891000,431,24042.80000000,9756.45671000,0
2025-05-03 15:50:00,0.40700000,0.40750000,0.40590000,0.40640000,29908.50000000,2025-05-03 15:54:59.999,12154.86336000,169,17945.50000000,7293.17239000,0
2025-05-03 15:55:00,0.40650000,0.40720000,0.40650000,0.40660000,7099.60000000,2025-05-03 15:59:59.999,2888.68053000,80,3016.70000000,1227.74230000,0
2025-05-03 16:00:00,0.40670000,0.40700000,0.40500000,0.40660000,31162.40000000,2025-05-03 16:04:59.999,12650.82100000,179,10322.50000000,4191.43011000,0
2025-05-03 16:05:00,0.40660000,0.40750000,0.40610000,0.40750000,6366.30000000,2025-05-03 16:09:59.999,2589.23071000,94,3536.50000000,1438.30392000,0
2025-05-03 16:10:00,0.40720000,0.40760000,0.40600000,0.40650000,19949.30000000,2025-05-03 16:14:59.999,8117.29058000,154,10583.90000000,4308.05828000,0
2025-05-03 16:15:00,0.40640000,0.40660000,0.40450000,0.40650000,28884.40000000,2025-05-03 16:19:59.999,11704.89875000,191,8255.70000000,3351.73531000,0
2025-05-03 16:20:00,0.40660000,0.40710000,0.40640000,0.40650000,10104.90000000,2025-05-03 16:24:59.999,4108.70134000,83,6761.40000000,2749.19470000,0
2025-05-03 16:25:00,0.40660000,0.40720000,0.40310000,0.40420000,103658.80000000,2025-05-03 16:29:59.999,41978.45224000,516,15118.10000000,6123.63102000,0
2025-05-03 16:30:00,0.40430000,0.40580000,0.40390000,0.40470000,30916.80000000,2025-05-03 16:34:59.999,12521.76344000,250,22647.80000000,9174.58742000,0
2025-05-03 16:35:00,0.40470000,0.40500000,0.40160000,0.40200000,23104.10000000,2025-05-03 16:39:59.999,9316.00931000,246,9870.50000000,3986.59933000,0
2025-05-03 16:40:00,0.40210000,0.40210000,0.39260000,0.40020000,215476.30000000,2025-05-03 16:44:59.999,85613.85554000,1367,93086.90000000,36993.22408000,0
2025-05-03 16:45:00,0.39990000,0.40060000,0.39720000,0.40060000,26624.50000000,2025-05-03 16:49:59.999,10622.95114000,264,11065.50000000,4420.64239000,0
2025-05-03 16:50:00,0.40060000,0.40140000,0.39900000,0.40060000,38248.80000000,2025-05-03 16:54:59.999,15319.18957000,223,14456.30000000,5795.35952000,0
2025-05-03 16:55:00,0.40050000,0.40130000,0.40010000,0.40050000,9867.70000000,2025-05-03 16:59:59.999,3953.60947000,84,5493.90000000,2202.13142000,0
2025-05-03 17:00:00,0.40030000,0.40040000,0.39790000,0.39820000,25673.30000000,2025-05-03 17:04:59.999,10249.82235000,119,6436.20000000,2568.85180000,0
2025-05-03 17:05:00,0.39810000,0.39810000,0.38000000,0.38390000,466792.90000000,2025-05-03 17:09:59.999,180916.89503000,1939,115889.50000000,44967.66757000,0
2025-05-03 17:10:00,0.38410000,0.39090000,0.38410000,0.39090000,87130.60000000,2025-05-03 17:14:59.999,33774.26168000,494,40356.50000000,15647.91284000,0
2025-05-03 17:15:00,0.39070000,0.39190000,0.38810000,0.38970000,49804.20000000,2025-05-03 17:19:59.999,19413.09370000,306,24577.90000000,9589.97934000,0
2025-05-03 17:20:00,0.38940000,0.39190000,0.38830000,0.39130000,23528.30000000,2025-05-03 17:24:59.999,9181.23661000,229,8935.00000000,3488.33762000,0
2025-05-03 17:25:00,0.39140000,0.39180000,0.39000000,0.39020000,8650.10000000,2025-05-03 17:29:59.999,3379.77307000,135,3967.40000000,1550.82887000,0
2025-05-03 17:30:00,0.39060000,0.39100000,0.38730000,0.38930000,22901.10000000,2025-05-03 17:34:59.999,8910.75547000,192,10917.30000000,4250.79727000,0
2025-05-03 17:35:00,0.38940000,0.39050000,0.38660000,0.38950000,52313.70000000,2025-05-03 17:39:59.999,20309.88433000,306,23790.20000000,9239.41990000,0
2025-05-03 17:40:00,0.38960000,0.39230000,0.38960000,0.39220000,23864.90000000,2025-05-03 17:44:59.999,9341.91341000,150,20655.50000000,8086.63843000,0
2025-05-03 17:45:00,0.39220000,0.39380000,0.39160000,0.39310000,23134.90000000,2025-05-03 17:49:59.999,9090.72710000,250,12529.30000000,4923.73907000,0
2025-05-03 17:50:00,0.39310000,0.39390000,0.39240000,0.39360000,9238.60000000,2025-05-03 17:54:59.999,3633.96927000,114,2734.40000000,1075.84278000,0
2025-05-03 17:55:00,0.39380000,0.39540000,0.39290000,0.39410000,29468.70000000,2025-05-03 17:59:59.999,11625.02429000,197,17018.10000000,6716.43348000,0
2025-05-03 18:00:00,0.39400000,0.39580000,0.39380000,0.39460000,19297.80000000,2025-05-03 18:04:59.999,7620.28746000,182,10414.50000000,4114.12512000,0
2025-05-03 18:05:00,0.39460000,0.39860000,0.39460000,0.39590000,59991.10000000,2025-05-03 18:09:59.999,23813.56135000,389,48059.30000000,19079.63391000,0
2025-05-03 18:10:00,0.39580000,0.39630000,0.39520000,0.39520000,12823.90000000,2025-05-03 18:14:59.999,5077.69217000,110,3829.60000000,1516.41774000,0
2025-05-03 18:15:00,0.39530000,0.39590000,0.39430000,0.39560000,11029.20000000,2025-05-03 18:19:59.999,4360.88636000,104,3025.70000000,1195.70114000,0
2025-05-03 18:20:00,0.39550000,0.39560000,0.39460000,0.39500000,1184.50000000,2025-05-03 18:24:59.999,467.94540000,54,409.30000000,161.74390000,0
2025-05-03 18:25:00,0.39520000,0.39530000,0.39440000,0.39460000,8573.50000000,2025-05-03 18:29:59.999,3383.95906000,60,3819.30000000,1507.15591000,0
2025-05-03 18:30:00,0.39460000,0.39460000,0.39280000,0.39290000,22686.90000000,2025-05-03 18:34:59.999,8926.80985000,167,6067.80000000,2386.35899000,0
2025-05-03 18:35:00,0.39300000,0.39430000,0.39290000,0.39360000,12108.00000000,2025-05-03 18:39:59.999,4767.35187000,115,4551.70000000,1792.17724000,0
2025-05-03 18:40:00,0.39350000,0.39400000,0.39250000,0.39260000,9880.30000000,2025-05-03 18:44:59.999,3887.72691000,93,4579.00000000,1801.45141000,0
2025-05-03 18:45:00,0.39290000,0.39460000,0.39270000,0.39360000,16994.90000000,2025-05-03 18:49:59.999,6692.04866000,101,5337.90000000,2101.94753000,0
2025-05-03 18:50:00,0.39350000,0.39360000,0.39090000,0.39170000,20581.50000000,2025-05-03 18:54:59.999,8074.00347000,199,6470.30000000,2538.26038000,0
2025-05-03 18:55:00,0.39200000,0.39340000,0.39200000,0.39330000,6187.60000000,2025-05-03 18:59:59.999,2432.04447000,75,4144.70000000,1629.50960000,0
2025-05-03 19:00:00,0.39330000,0.39360000,0.39230000,0.39330000,22544.10000000,2025-05-03 19:04:59.999,8863.64598000,194,10873.40000000,4274.43179000,0
2025-05-03 19:05:00,0.39340000,0.39470000,0.39320000,0.39380000,28050.40000000,2025-05-03 19:09:59.999,11043.83947000,130,23189.60000000,9130.02408000,0
2025-05-03 19:10:00,0.39390000,0.39500000,0.39390000,0.39420000,9888.30000000,2025-05-03 19:14:59.999,3901.56066000,86,5189.60000000,2047.49974000,0
2025-05-03 19:15:00,0.39420000,0.39570000,0.39380000,0.39550000,14947.30000000,2025-05-03 19:19:59.999,5902.44576000,180,7633.40000000,3016.03820000,0
2025-05-03 19:20:00,0.39550000,0.39590000,0.39450000,0.39450000,3921.90000000,2025-05-03 19:24:59.999,1551.37605000,52,1460.20000000,577.78209000,0
2025-05-03 19:25:00,0.39450000,0.39600000,0.39450000,0.39600000,3771.50000000,2025-05-03 19:29:59.999,1490.97115000,69,2799.70000000,1106.91200000,0
2025-05-03 19:30:00,0.39580000,0.39600000,0.39470000,0.39590000,3839.80000000,2025-05-03 19:34:59.999,1518.61565000,73,1612.60000000,637.95657000,0
2025-05-03 19:35:00,0.39590000,0.39670000,0.39570000,0.39590000,7416.30000000,2025-05-03 19:39:59.999,2937.79534000,87,3698.80000000,1464.84389000,0
2025-05-03 19:40:00,0.39570000,0.39670000,0.39530000,0.39620000,9509.00000000,2025-05-03 19:44:59.999,3765.55802000,90,7052.30000000,2793.07110000,0
2025-05-03 19:45:00,0.39630000,0.39650000,0.39430000,0.39470000,17188.30000000,2025-05-03 19:49:59.999,6792.21815000,139,2602.40000000,1029.96424000,0
2025-05-03 19:50:00,0.39510000,0.39530000,0.39450000,0.39490000,6060.70000000,2025-05-03 19:54:59.999,2392.65623000,51,1201.80000000,474.47900000,0
2025-05-03 19:55:00,0.39490000,0.39510000,0.39470000,0.39470000,3851.80000000,2025-05-03 19:59:59.999,1520.85480000,67,3353.30000000,1324.02250000,0
2025-05-03 20:00:00,0.39490000,0.39680000,0.39490000,0.39620000,20888.80000000,2025-05-03 20:04:59.999,8274.02246000,160,14102.60000000,5586.15334000,0
2025-05-03 20:05:00,0.39620000,0.39880000,0.39620000,0.39850000,22506.50000000,2025-05-03 20:09:59.999,8956.74456000,162,16816.80000000,6693.65930000,0
2025-05-03 20:10:00,0.39830000,0.39850000,0.39530000,0.39590000,37181.80000000,2025-05-03 20:14:59.999,14765.53678000,240,9413.10000000,3740.70221000,0
2025-05-03 20:15:00,0.39590000,0.39630000,0.39510000,0.39560000,20707.00000000,2025-05-03 20:19:59.999,8189.21461000,158,14322.60000000,5663.59526000,0
2025-05-03 20:20:00,0.39570000,0.39660000,0.39520000,0.39610000,9910.50000000,2025-05-03 20:24:59.999,3923.11655000,115,3189.90000000,1263.88295000,0
2025-05-03 20:25:00,0.39640000,0.39640000,0.39540000,0.39640000,7017.50000000,2025-05-03 20:29:59.999,2778.71822000,79,5565.10000000,2203.82591000,0
2025-05-03 20:30:00,0.39630000,0.39690000,0.39500000,0.39570000,13692.80000000,2025-05-03 20:34:59.999,5420.40030000,115,5747.00000000,2277.11451000,0
2025-05-03 20:35:00,0.39570000,0.39640000,0.39510000,0.39550000,10161.90000000,2025-05-03 20:39:59.999,4020.69222000,183,7094.20000000,2806.93388000,0
2025-05-03 20:40:00,0.39520000,0.39530000,0.39480000,0.39500000,2117.10000000,2025-05-03 20:44:59.999,836.35819000,53,1003.20000000,396.41721000,0
2025-05-03 20:45:00,0.39490000,0.39510000,0.39450000,0.39460000,8591.30000000,2025-05-03 20:49:59.999,3391.32932000,123,4668.50000000,1842.96991000,0
2025-05-03 20:50:00,0.39470000,0.39490000,0.39400000,0.39450000,40789.50000000,2025-05-03 20:54:59.999,16084.93545000,211,36143.50000000,14253.42827000,0
2025-05-03 20:55:00,0.39440000,0.39460000,0.39410000,0.39420000,13649.90000000,2025-05-03 20:59:59.999,5381.64936000,126,10246.00000000,4039.63319000,0
2025-05-03 21:00:00,0.39410000,0.39660000,0.39100000,0.39150000,143771.50000000,2025-05-03 21:04:59.999,56475.59988000,469,106038.80000000,41645.11626000,0
2025-05-03 21:05:00,0.39160000,0.39210000,0.39130000,0.39160000,9069.00000000,2025-05-03 21:09:59.999,3553.47722000,123,3566.10000000,1397.40105000,0
2025-05-03 21:10:00,0.39200000,0.39390000,0.39200000,0.39390000,11614.90000000,2025-05-03 21:14:59.999,4563.91208000,107,9289.70000000,3650.00096000,0
2025-05-03 21:15:00,0.39360000,0.39400000,0.39320000,0.39380000,4957.30000000,2025-05-03 21:19:59.999,1950.57792000,59,2692.90000000,1059.66886000,0
2025-05-03 21:20:00,0.39400000,0.39690000,0.39370000,0.39500000,70500.70000000,2025-05-03 21:24:59.999,27870.68518000,261,37733.00000000,14939.23140000,0
2025-05-03 21:25:00,0.39560000,0.39800000,0.39510000,0.39510000,42547.90000000,2025-05-03 21:29:59.999,16889.23393000,225,35763.10000000,14202.61342000,0
2025-05-03 21:30:00,0.39550000,0.39580000,0.39510000,0.39520000,1687.00000000,2025-05-03 21:34:59.999,666.81862000,30,95.60000000,37.83250000,0
2025-05-03 21:35:00,0.39510000,0.39520000,0.39390000,0.39390000,5771.30000000,2025-05-03 21:39:59.999,2278.81255000,60,521.80000000,205.97779000,0
2025-05-03 21:40:00,0.39390000,0.39440000,0.39350000,0.39370000,5940.10000000,2025-05-03 21:44:59.999,2338.50072000,46,942.40000000,371.33393000,0
2025-05-03 21:45:00,0.39420000,0.39450000,0.39250000,0.39330000,19803.20000000,2025-05-03 21:49:59.999,7787.97382000,136,2201.70000000,865.99817000,0
2025-05-03 21:50:00,0.39280000,0.39310000,0.39180000,0.39260000,6093.90000000,2025-05-03 21:54:59.999,2391.39677000,86,3255.10000000,1277.54644000,0
2025-05-03 21:55:00,0.39260000,0.39300000,0.39180000,0.39220000,1092.50000000,2025-05-03 21:59:59.999,428.96539000,30,866.10000000,340.20222000,0
2025-05-03 22:00:00,0.39300000,0.39300000,0.39060000,0.39130000,4477.20000000,2025-05-03 22:04:59.999,1753.43431000,89,1330.00000000,521.36434000,0
2025-05-03 22:05:00,0.39070000,0.39240000,0.39060000,0.39120000,2158.70000000,2025-05-03 22:09:59.999,845.79436000,64,1749.70000000,685.72624000,0
2025-05-03 22:10:00,0.39110000,0.39220000,0.38930000,0.39000000,56597.40000000,2025-05-03 22:14:59.999,22113.90262000,331,18860.00000000,7376.06553000,0
2025-05-03 22:15:00,0.39000000,0.39170000,0.38930000,0.39150000,15278.50000000,2025-05-03 22:19:59.999,5962.75540000,141,12487.00000000,4874.59399000,0
2025-05-03 22:20:00,0.39120000,0.39230000,0.39020000,0.39220000,9135.30000000,2025-05-03 22:24:59.999,3574.63801000,126,6689.40000000,2618.39043000,0
2025-05-03 22:25:00,0.39180000,0.39230000,0.39080000,0.39100000,8471.20000000,2025-05-03 22:29:59.999,3314.05894000,83,1814.90000000,710.94029000,0
2025-05-03 22:30:00,0.39130000,0.39210000,0.39120000,0.39160000,1626.10000000,2025-05-03 22:34:59.999,637.19147000,47,466.70000000,182.82299000,0
2025-05-03 22:35:00,0.39150000,0.39230000,0.39130000,0.39160000,2130.60000000,2025-05-03 22:39:59.999,834.65629000,51,1652.40000000,647.43933000,0
2025-05-03 22:40:00,0.39160000,0.39210000,0.39020000,0.39170000,16826.90000000,2025-05-03 22:44:59.999,6580.90286000,180,5579.30000000,2183.32593000,0
2025-05-03 22:45:00,0.39190000,0.39200000,0.39080000,0.39130000,4648.30000000,2025-05-03 22:49:59.999,1818.34292000,74,1015.00000000,397.20977000,0
2025-05-03 22:50:00,0.39120000,0.39140000,0.39070000,0.39070000,5214.70000000,2025-05-03 22:54:59.999,2039.35947000,55,2730.20000000,1068.11203000,0
2025-05-03 22:55:00,0.39060000,0.39100000,0.39010000,0.39080000,6717.50000000,2025-05-03 22:59:59.999,2623.31021000,73,1421.90000000,555.63379000,0
2025-05-03 23:00:00,0.39070000,0.39070000,0.38880000,0.39020000,13447.10000000,2025-05-03 23:04:59.999,5238.04344000,126,5109.20000000,1992.38537000,0
2025-05-03 23:05:00,0.39030000,0.39100000,0.38990000,0.39090000,8836.50000000,2025-05-03 23:09:59.999,3451.34374000,92,5322.60000000,2078.70593000,0
2025-05-03 23:10:00,0.39090000,0.39130000,0.39050000,0.39070000,3217.70000000,2025-05-03 23:14:59.999,1258.33227000,70,1641.70000000,642.09522000,0
2025-05-03 23:15:00,0.39080000,0.39160000,0.39080000,0.39140000,6950.10000000,2025-05-03 23:19:59.999,2718.77724000,79,2593.30000000,1014.68966000,0
2025-05-03 23:20:00,0.39110000,0.39170000,0.39030000,0.39100000,9590.80000000,2025-05-03 23:24:59.999,3749.34708000,117,3848.20000000,1504.89410000,0
2025-05-03 23:25:00,0.39090000,0.39130000,0.38880000,0.38920000,14047.80000000,2025-05-03 23:29:59.999,5476.96549000,161,4883.90000000,1901.75955000,0
2025-05-03 23:30:00,0.38920000,0.39050000,0.38900000,0.39040000,6169.40000000,2025-05-03 23:34:59.999,2406.85804000,92,3758.50000000,1466.36724000,0
2025-05-03 23:35:00,0.39010000,0.39040000,0.38990000,0.39020000,24293.70000000,2025-05-03 23:39:59.999,9475.43649000,63,2432.50000000,949.19671000,0
2025-05-03 23:40:00,0.39030000,0.39160000,0.39030000,0.39110000,22397.10000000,2025-05-03 23:44:59.999,8759.56316000,107,20337.00000000,7953.52697000,0
2025-05-03 23:45:00,0.39100000,0.39330000,0.39100000,0.39260000,52665.30000000,2025-05-03 23:49:59.999,20672.50564000,173,48443.60000000,19015.23390000,0
2025-05-03 23:50:00,0.39250000,0.39250000,0.39070000,0.39110000,15377.90000000,2025-05-03 23:54:59.999,6014.65789000,85,1064.70000000,416.83754000,0
2025-05-03 23:55:00,0.39110000,0.39120000,0.38930000,0.38970000,17932.30000000,2025-05-03 23:59:59.999,6995.98807000,91,3423.70000000,1336.41022000,0
2025-05-04 00:00:00,0.38950000,0.38970000,0.38620000,0.38950000,54023.10000000,2025-05-04 00:04:59.999,20933.02788000,287,19650.90000000,7624.68549000,0
2025-05-04 00:05:00,0.38960000,0.38960000,0.38750000,0.38860000,27638.90000000,2025-05-04 00:09:59.999,10728.45506000,191,13567.20000000,5267.69633000,0
2025-05-04 00:10:00,0.38860000,0.38910000,0.38750000,0.38890000,21569.50000000,2025-05-04 00:14:59.999,8371.18225000,118,3512.00000000,1363.95439000,0
2025-05-04 00:15:00,0.38890000,0.39100000,0.38770000,0.39000000,14185.00000000,2025-05-04 00:19:59.999,5519.65964000,160,5517.10000000,2149.24336000,0
2025-05-04 00:20:00,0.39010000,0.39100000,0.38970000,0.38990000,25711.50000000,2025-05-04 00:24:59.999,10036.98356000,136,15126.70000000,5907.40101000,0
2025-05-04 00:25:00,0.38970000,0.39040000,0.38840000,0.38840000,10912.30000000,2025-05-04 00:29:59.999,4249.55572000,125,7211.60000000,2810.25634000,0
2025-05-04 00:30:00,0.38860000,0.38890000,0.38710000,0.38760000,22630.60000000,2025-05-04 00:34:59.999,8770.96426000,122,13526.40000000,5242.40907000,0
2025-05-04 00:35:00,0.38730000,0.38840000,0.38480000,0.38790000,63031.70000000,2025-05-04 00:39:59.999,24387.45229000,478,34194.80000000,13244.11906000,0
2025-05-04 00:40:00,0.38790000,0.38850000,0.38680000,0.38790000,15346.70000000,2025-05-04 00:44:59.999,5945.16920000,135,7789.80000000,3018.96152000,0
2025-05-04 00:45:00,0.38790000,0.38860000,0.38680000,0.38730000,8381.40000000,2025-05-04 00:49:59.999,3249.55599000,129,3693.90000000,1433.08613000,0
2025-05-04 00:50:00,0.38760000,0.38820000,0.38700000,0.38810000,28410.10000000,2025-05-04 00:54:59.999,11009.21578000,161,10981.10000000,4257.85883000,0
2025-05-04 00:55:00,0.38820000,0.38900000,0.38740000,0.38740000,11141.80000000,2025-05-04 00:59:59.999,4327.56910000,136,4446.40000000,1727.70217000,0
2025-05-04 01:00:00,0.38750000,0.38750000,0.38480000,0.38630000,19637.90000000,2025-05-04 01:04:59.999,7576.37741000,158,8784.40000000,3388.35416000,0
2025-05-04 01:05:00,0.38620000,0.38750000,0.38550000,0.38740000,9114.70000000,2025-05-04 01:09:59.999,3520.99621000,97,4035.20000000,1560.53155000,0
2025-05-04 01:10:00,0.38730000,0.38730000,0.38620000,0.38640000,5151.10000000,2025-05-04 01:14:59.999,1991.93528000,72,704.80000000,272.59742000,0
2025-05-04 01:15:00,0.38640000,0.38640000,0.38450000,0.38620000,9489.70000000,2025-05-04 01:19:59.999,3656.86449000,85,1897.40000000,732.30101000,0
2025-05-04 01:20:00,0.38570000,0.38710000,0.38480000,0.38600000,75351.60000000,2025-05-04 01:24:59.999,29089.65729000,621,36250.90000000,14001.53824000,0
2025-05-04 01:25:00,0.38620000,0.38660000,0.38470000,0.38470000,24075.30000000,2025-05-04 01:29:59.999,9288.87946000,213,6490.00000000,2506.51652000,0
2025-05-04 01:30:00,0.38470000,0.38550000,0.38300000,0.38490000,46453.00000000,2025-05-04 01:34:59.999,17843.47430000,326,18201.10000000,6992.09645000,0
2025-05-04 01:35:00,0.38500000,0.38500000,0.38300000,0.38380000,6520.90000000,2025-05-04 01:39:59.999,2502.08975000,94,2005.20000000,769.51691000,0
2025-05-04 01:40:00,0.38380000,0.38840000,0.38310000,0.38310000,91120.20000000,2025-05-04 01:44:59.999,35189.90641000,420,68580.70000000,26494.62195000,0
2025-05-04 01:45:00,0.38320000,0.38470000,0.38220000,0.38300000,28228.00000000,2025-05-04 01:49:59.999,10814.31338000,195,9247.00000000,3543.88477000,0
2025-05-04 01:50:00,0.38300000,0.38570000,0.38300000,0.38550000,12746.30000000,2025-05-04 01:54:59.999,4902.86525000,144,9696.20000000,3729.41928000,0
2025-05-04 01:55:00,0.38560000,0.38780000,0.38540000,0.38680000,8375.10000000,2025-05-04 01:59:59.999,3243.06358000,124,6565.10000000,2542.91632000,0
2025-05-04 02:00:00,0.38670000,0.38720000,0.38620000,0.38670000,9852.40000000,2025-05-04 02:04:59.999,3809.85209000,114,4731.50000000,1829.98197000,0
2025-05-04 02:05:00,0.38670000,0.38870000,0.38640000,0.38750000,16136.20000000,2025-05-04 02:09:59.999,6255.71711000,152,10004.10000000,3880.27053000,0
2025-05-04 02:10:00,0.38740000,0.38910000,0.38710000,0.38910000,15490.70000000,2025-05-04 02:14:59.999,6013.60074000,145,5338.80000000,2072.86631000,0
2025-05-04 02:15:00,0.38930000,0.38930000,0.38760000,0.38860000,7338.50000000,2025-05-04 02:19:59.999,2848.47412000,100,3278.90000000,1272.93742000,0
2025-05-04 02:20:00,0.38850000,0.38960000,0.38820000,0.38960000,2870.40000000,2025-05-04 02:24:59.999,1116.66590000,71,1097.90000000,426.81518000,0
2025-05-04 02:25:00,0.38950000,0.39010000,0.38850000,0.39010000,9353.20000000,2025-05-04 02:29:59.999,3643.90380000,84,5562.40000000,2167.74560000,0
2025-05-04 02:30:00,0.39000000,0.39090000,0.38800000,0.38800000,13219.30000000,2025-05-04 02:34:59.999,5160.95301000,84,9792.10000000,3824.06701000,0
2025-05-04 02:35:00,0.38790000,0.38850000,0.38640000,0.38680000,10433.20000000,2025-05-04 02:39:59.999,4042.92062000,124,3512.50000000,1359.87407000,0
2025-05-04 02:40:00,0.38660000,0.38660000,0.38370000,0.38480000,37845.10000000,2025-05-04 02:44:59.999,14573.74607000,240,6214.90000000,2393.17621000,0
2025-05-04 02:45:00,0.38460000,0.38550000,0.38450000,0.38500000,5120.00000000,2025-05-04 02:49:59.999,1972.03050000,59,3403.60000000,1311.25146000,0
2025-05-04 02:50:00,0.38490000,0.38580000,0.38430000,0.38500000,8795.80000000,2025-05-04 02:54:59.999,3385.35379000,93,4869.90000000,1874.78447000,0
2025-05-04 02:55:00,0.38520000,0.38640000,0.38500000,0.38520000,14080.50000000,2025-05-04 02:59:59.999,5434.06380000,106,10577.40000000,4082.86352000,0
2025-05-04 03:00:00,0.38530000,0.38700000,0.38530000,0.38630000,27445.40000000,2025-05-04 03:04:59.999,10603.21894000,177,23606.30000000,9119.27915000,0
2025-05-04 03:05:00,0.38620000,0.38700000,0.38620000,0.38650000,11445.60000000,2025-05-04 03:09:59.999,4426.87579000,74,6866.20000000,2655.66405000,0
2025-05-04 03:10:00,0.38630000,0.38700000,0.38600000,0.38630000,15443.30000000,2025-05-04 03:14:59.999,5970.12199000,122,10125.90000000,3915.10366000,0
2025-05-04 03:15:00,0.38620000,0.38680000,0.38590000,0.38630000,13088.70000000,2025-05-04 03:19:59.999,5054.96159000,104,6818.90000000,2634.19779000,0
2025-05-04 03:20:00,0.38630000,0.38640000,0.38530000,0.38620000,5099.60000000,2025-05-04 03:24:59.999,1967.31966000,72,1918.50000000,739.99952000,0
2025-05-04 03:25:00,0.38630000,0.38710000,0.38600000,0.38710000,11360.30000000,2025-05-04 03:29:59.999,4390.82976000,97,4819.10000000,1864.26908000,0
2025-05-04 03:30:00,0.38720000,0.38740000,0.38640000,0.38660000,5340.90000000,2025-05-04 03:34:59.999,2066.15013000,59,1782.10000000,689.32652000,0
2025-05-04 03:35:00,0.38640000,0.38750000,0.38600000,0.38680000,12321.40000000,2025-05-04 03:39:59.999,4765.16987000,96,5903.00000000,2283.79887000,0
2025-05-04 03:40:00,0.38680000,0.38710000,0.38560000,0.38700000,8713.70000000,2025-05-04 03:44:59.999,3366.00486000,93,3152.90000000,1218.80029000,0
2025-05-04 03:45:00,0.38690000,0.38750000,0.38640000,0.38640000,4608.90000000,2025-05-04 03:49:59.999,1783.53263000,70,1260.50000000,487.84454000,0
2025-05-04 03:50:00,0.38660000,0.38670000,0.38560000,0.38630000,5866.80000000,2025-05-04 03:54:59.999,2264.90814000,65,2607.00000000,1006.86899000,0
2025-05-04 03:55:00,0.38640000,0.38660000,0.38350000,0.38370000,12367.80000000,2025-05-04 03:59:59.999,4754.56362000,124,1857.00000000,715.49948000,0
2025-05-04 04:00:00,0.38370000,0.38390000,0.38110000,0.38280000,47357.10000000,2025-05-04 04:04:59.999,18109.12648000,300,13007.60000000,4975.66031000,0
2025-05-04 04:05:00,0.38280000,0.38380000,0.38170000,0.38210000,11856.10000000,2025-05-04 04:09:59.999,4537.99081000,93,7475.80000000,2862.67486000,0
2025-05-04 04:10:00,0.38220000,0.38260000,0.38110000,0.38160000,20347.70000000,2025-05-04 04:14:59.999,7762.70598000,124,4401.10000000,1680.63049000,0
2025-05-04 04:15:00,0.38180000,0.38300000,0.38130000,0.38230000,19920.20000000,2025-05-04 04:19:59.999,7611.73933000,173,8634.40000000,3299.92164000,0
2025-05-04 04:20:00,0.38220000,0.38330000,0.38150000,0.38250000,19183.10000000,2025-05-04 04:24:59.999,7337.43218000,160,9076.50000000,3473.55608000,0
2025-05-04 04:25:00,0.38270000,0.38480000,0.38240000,0.38380000,25812.40000000,2025-05-04 04:29:59.999,9899.65831000,179,19262.80000000,7390.24681000,0
2025-05-04 04:30:00,0.38380000,0.38480000,0.38330000,0.38410000,21726.50000000,2025-05-04 04:34:59.999,8344.75885000,209,11329.00000000,4352.59636000,0
2025-05-04 04:35:00,0.38410000,0.38430000,0.38270000,0.38360000,15309.40000000,2025-05-04 04:39:59.999,5872.46565000,180,1558.10000000,598.04130000,0
2025-05-04 04:40:00,0.38370000,0.38370000,0.38260000,0.38290000,14616.00000000,2025-05-04 04:44:59.999,5601.61956000,156,2303.80000000,883.41042000,0
